timestamp,own_rating_value,floor,opponent_name,opponent_platform,opponent_id,opponent_character,opponent_character_short,opponent_rating_value,result_win,opponent_is_legend
2026-08-05 00:28:44,36935,0,Ryn :D,PC,210612160807014614,Sin,SI,37205,True,False
2026-08-05 00:24:26,36845,0,Phil,PC,210611173851077483,A.B.A.,AB,36265,True,False
2026-08-05 00:21:20,36755,0,Phil,PC,210611173851077483,A.B.A.,AB,36335,True,False
2026-08-05 00:17:26,36665,0,Ryn :D,PC,210612160807014614,Sin,SI,37455,True,False
2026-08-05 00:14:49,36755,0,Ryn :D,PC,210612160807014614,Sin,SI,37345,False,False
2026-08-05 00:12:54,36665,0,Ryn :D,PC,210612160807014614,Sin,SI,37415,True,False
2026-08-05 00:09:02,36750,0,Maki,PC,210611072859966281,Potemkin,PO,37835,False,False
2026-08-05 00:06:25,36820,0,Phil,PC,210611173851077483,A.B.A.,AB,36245,False,False
2026-08-05 00:03:37,36710,0,Phil,PC,210611173851077483,A.B.A.,AB,36335,True,False
2026-08-05 00:01:57,36800,0,Phil,PC,210611173851077483,A.B.A.,AB,36225,False,False
2026-08-04 23:58:21,36710,0,NOVAKAN,PC,240605202831780557,A.B.A.,AB,32445,True,False
2026-08-04 23:55:04,36530,0,NOVAKAN,PC,240605202831780557,A.B.A.,AB,32495,True,False
2026-08-04 23:51:38,36440,0,PastaPaste,PC,220811222606950267,Goldlewis,GO,28530,True,False
2026-08-04 23:48:51,36330,0,PastaPaste,PC,220811222606950267,Goldlewis,GO,28585,True,False
2026-08-04 17:22:55,36400,0,BM9ITIHA,PC,250204202803218653,Jam,JA,28845,False,False
2026-08-04 17:20:27,36290,0,BM9ITIHA,PC,250204202803218653,Jam,JA,28900,True,False
2026-08-04 17:18:50,36380,0,BM9ITIHA,PC,250204202803218653,Jam,JA,28755,False,False
2026-08-04 17:16:13,36290,0,TTT | Teppo,PC,240916222238000276,Testament,TE,33485,True,False
2026-08-04 17:13:51,36360,0,TTT | Teppo,PC,240916222238000276,Testament,TE,33385,False,False
2026-08-04 17:11:25,36250,0,TTT | Teppo,PC,240916222238000276,Testament,TE,33465,True,False
2026-08-04 17:08:06,36325,0,Madara,PC,260217142048121041,Lucy,LU,39570,False,False
2026-08-04 17:06:01,36400,0,Madara,PC,260217142048121041,Lucy,LU,39460,False,False
2026-08-04 17:03:18,36490,0,EnnuiBringer,PC,250216062252044731,Robo-Ky,RK,36485,False,False
2026-08-04 17:01:36,36580,0,EnnuiBringer,PC,250216062252044731,Robo-Ky,RK,36375,False,False
2026-08-04 16:58:38,36470,0,God of Failure,PC,250526194152031142,Anji,AN,32885,True,False
2026-08-04 16:56:42,36360,0,God of Failure,PC,250526194152031142,Anji,AN,32960,True,False
2026-08-04 16:54:54,36450,0,God of Failure,PC,250526194152031142,Anji,AN,32835,False,False
2026-08-04 16:51:52,36360,0,Declonius,PC,220221133058244798,Baiken,BA,33725,True,False
2026-08-04 16:49:26,36250,0,Declonius,PC,220221133058244798,Baiken,BA,33805,True,False
2026-08-02 17:08:11,36160,0,Pufi,PC,210621215600399683,Jam,JA,35710,True,False
2026-08-02 17:05:33,36070,0,Pufi,PC,210621215600399683,Jam,JA,35780,True,False
2026-08-02 17:02:21,35980,0,I FCK HATE DIZZY,PC,250930103812586531,Anji,AN,34555,True,False
2026-08-02 16:59:33,35870,0,I FCK HATE DIZZY,PC,250930103812586531,Anji,AN,34640,True,False
2026-08-02 16:57:40,35940,0,I FCK HATE DIZZY,PC,250930103812586531,Anji,AN,34545,False,False
2026-08-02 16:54:17,36030,0,KomiYouko,PC,230317172022708231,Dizzy,DI,33960,False,False
2026-08-02 16:52:01,35940,0,KomiYouko,PC,230317172022708231,Dizzy,DI,34025,True,False
2026-08-02 16:49:06,36010,0,KomiYouko,PC,230317172022708231,Dizzy,DI,33925,False,False
2026-08-02 16:45:33,36100,0,redder876,PC,231229084943861566,Giovanna,GI,36150,False,False
2026-08-02 16:44:01,36170,0,redder876,PC,231229084943861566,Giovanna,GI,36060,False,False
2026-08-02 16:40:56,36060,0,AbdoDoo,PC,260409200832389858,Jam,JA,35785,True,False
2026-08-02 16:39:13,36130,0,AbdoDoo,PC,260409200832389858,Jam,JA,35695,False,False
2026-08-02 16:36:15,36020,0,AbdoDoo,PC,260409200832389858,Jam,JA,35785,True,False
2026-08-02 16:32:52,35920,0,Supierre,PC,240724180637749881,Robo-Ky,RK,38030,True,False
2026-08-02 16:30:20,35820,0,Supierre,PC,240724180637749881,Robo-Ky,RK,38100,True,False
2026-08-02 16:28:26,35880,0,Supierre,PC,240724180637749881,Robo-Ky,RK,38010,False,False
2026-08-02 16:24:46,35770,0,SPK,PC,220806210147502562,Unika,UN,24920,True,False
2026-08-02 16:23:20,35680,0,SPK,PC,220806210147502562,Unika,UN,24940,True,False
2026-08-02 16:19:54,35750,0,Einhelm,PC,210628074717669404,Ky,KY,36465,False,False
2026-08-02 16:17:54,35820,0,Einhelm,PC,210628074717669404,Ky,KY,36375,False,False
2026-08-02 16:13:48,35890,0,I FCK HATE DIZZY,PC,250930103812586531,Anji,AN,34360,False,False
2026-08-02 16:10:47,35960,0,I FCK HATE DIZZY,PC,250930103812586531,Anji,AN,34265,False,False
2026-08-02 16:03:44,36050,0,BUUFINHO,PC,231119202602978046,Jam,JA,32635,False,False
2026-08-02 16:02:25,35940,0,Specter,PC,251124192902097474,Testament,TE,32845,True,False
2026-08-02 16:00:31,35830,0,Specter,PC,251124192902097474,Testament,TE,32925,True,False
2026-08-02 15:57:00,35900,0,discord-ramen_50,PC,240728172542017989,Axl,AX,34820,False,False
2026-08-02 15:51:54,36080,0,I FCK HATE DIZZY,PC,250930103812586531,Anji,AN,33825,False,False
2026-08-02 15:50:12,35970,0,I FCK HATE DIZZY,PC,250930103812586531,Anji,AN,33905,True,False
2026-08-02 15:48:41,36060,0,I FCK HATE DIZZY,PC,250930103812586531,Anji,AN,33785,False,False
2026-08-02 15:45:55,36130,0,Czaszka63,PC,240309162543665689,Nagoriyuki,NA,35900,False,False
2026-08-02 15:43:38,36020,0,Czaszka63,PC,240309162543665689,Nagoriyuki,NA,35990,True,False
2026-08-02 15:41:57,36110,0,Czaszka63,PC,240309162543665689,Nagoriyuki,NA,35880,False,False
2026-08-02 15:39:18,36180,0,I FCK HATE DIZZY,PC,250930103812586531,Anji,AN,33845,False,False
2026-08-02 15:36:16,36270,0,I FCK HATE DIZZY,PC,250930103812586531,Anji,AN,33725,False,False
2026-08-02 15:31:27,36160,0,GG IHROk,PC,260523152926627902,Jack-O',JC,33150,True,False
2026-08-02 15:30:11,36070,0,GG IHROk,PC,260523152926627902,Jack-O',JC,33210,True,False
2026-08-02 15:27:59,36140,0,GG IHROk,PC,260523152926627902,Jack-O',JC,33105,False,False
2026-08-02 15:24:22,36025,0,NiloticusV,PC,250906204448443662,Bedman?,BE,37870,True,False
2026-08-02 15:21:52,35925,0,NiloticusV,PC,250906204448443662,Bedman?,BE,37940,True,False
2026-08-02 15:18:13,35995,0,Meruem,PC,250322170824226325,Ramlethal,RA,33505,False,False
2026-08-02 15:16:13,36085,0,Meruem,PC,250322170824226325,Ramlethal,RA,33385,False,False
2026-08-02 04:45:29,36155,0,AcidSoda,PC,230105112615084630,Ramlethal,RA,36940,False,False
2026-08-02 04:42:59,36225,0,AcidSoda,PC,230105112615084630,Ramlethal,RA,36850,False,False
2026-08-02 04:40:09,36135,0,AcidSoda,PC,230105112615084630,Ramlethal,RA,36920,True,False
2026-08-02 04:36:23,36045,0,Nightflaid,PC,260406204522987374,Happy Chaos,HA,34245,True,False
2026-08-02 04:33:58,35955,0,Nightflaid,PC,260406204522987374,Happy Chaos,HA,34310,True,False
2026-08-02 04:30:51,36045,0,GekirinFirstMove,PC,240721123949615923,Jam,JA,29370,False,False
2026-08-02 04:27:42,35935,0,Nightflaid,PC,260406204522987374,Happy Chaos,HA,34395,True,False
2026-08-02 04:26:17,35845,0,Nightflaid,PC,260406204522987374,Happy Chaos,HA,34460,True,False
2026-08-02 04:21:45,35755,0,Nightflaid,PC,260406204522987374,Happy Chaos,HA,34525,True,False
2026-08-02 04:19:14,35645,0,Nightflaid,PC,260406204522987374,Happy Chaos,HA,34610,True,False
2026-08-02 04:16:38,35555,0,Sayan228,PC,230506134641311152,Sol,SO,35850,True,False
2026-08-02 04:13:50,35445,0,Sayan228,PC,230506134641311152,Sol,SO,35940,True,False
2026-08-02 04:11:54,35515,0,Sayan228,PC,230506134641311152,Sol,SO,35850,False,False
2026-08-01 21:36:05,35405,0,ASPEKT,PC,241231152620278214,Baiken,BA,33170,True,False
2026-08-01 21:32:52,35295,0,SlimeDollaz,PC,260321152145492867,Unika,UN,32745,True,False
2026-08-01 21:31:55,35185,0,SlimeDollaz,PC,260321152145492867,Unika,UN,32825,True,False
2026-08-01 21:28:48,35095,0,GG IHROk,PC,260523152926627902,Jack-O',JC,32885,True,False
2026-08-01 21:26:03,34985,0,GG IHROk,PC,260523152926627902,Jack-O',JC,32965,True,False
2026-08-01 21:23:09,34895,0,fhiccboi,PC,211201013910463075,Elphelt,EL,35555,True,False
2026-08-01 21:20:48,34805,0,fhiccboi,PC,211201013910463075,Elphelt,EL,35625,True,False
2026-08-01 21:16:37,34895,0,fhiccboi,PC,211201013910463075,Elphelt,EL,35515,False,False
2026-08-01 21:14:43,34985,0,fhiccboi,PC,211201013910463075,Elphelt,EL,35405,False,False
2026-08-01 21:12:49,34875,0,fhiccboi,PC,211201013910463075,Elphelt,EL,35495,True,False
2026-08-01 21:10:22,34965,0,iceFOX,PC,210701095012845277,Robo-Ky,RK,34375,False,False
2026-08-01 21:08:50,35055,0,iceFOX,PC,210701095012845277,Robo-Ky,RK,34265,False,False
2026-08-01 21:03:28,35120,0,Jurgen cool,PC,210811132900649673,Johnny,JN,36730,False,False
2026-08-01 21:03:06,35205,0,Jurgen cool,PC,210811132900649673,Johnny,JN,36530,False,False
2026-08-01 21:00:23,35275,0,GG IHROk,PC,260523152926627902,Jack-O',JC,32890,False,False
2026-08-01 20:58:03,35365,0,GG IHROk,PC,260523152926627902,Jack-O',JC,32770,False,False
2026-08-01 20:56:28,35275,0,GG IHROk,PC,260523152926627902,Jack-O',JC,32830,True,False
2026-08-01 20:53:08,35165,0,iceFOX,PC,210701095012845277,Robo-Ky,RK,34300,True,False
2026-08-01 20:51:24,35075,0,iceFOX,PC,210701095012845277,Robo-Ky,RK,34370,True,False
2026-08-01 20:48:17,35145,0,iceFOX,PC,210701095012845277,Robo-Ky,RK,34280,False,False
2026-08-01 20:45:04,35035,0,Grrkek,PC,210611153056490694,Johnny,JN,33425,True,False
2026-08-01 20:43:19,35125,0,Grrkek,PC,210611153056490694,Johnny,JN,33310,False,False
2026-08-01 20:41:29,35015,0,Grrkek,PC,210611153056490694,Johnny,JN,33395,True,False
2026-08-01 20:37:58,35105,0,KappaChungus11,PC,240625203425799059,Ky,KY,32675,False,False
2026-08-01 20:36:17,35195,0,KappaChungus11,PC,240625203425799059,Ky,KY,32555,False,False
2026-08-01 20:33:42,35105,0,desungle,PC,211227143332603712,Baiken,BA,33650,True,False
2026-08-01 20:31:17,34995,0,desungle,PC,211227143332603712,Baiken,BA,33735,True,False
2026-08-01 20:29:53,35065,0,desungle,PC,211227143332603712,Baiken,BA,33640,False,False
2026-08-01 20:26:40,35135,0,0peMs,PC,251010155601926504,Zato-1,ZA,35315,False,False
2026-08-01 20:23:22,35225,0,0peMs,PC,251010155601926504,Zato-1,ZA,35205,False,False
2026-08-01 15:48:13,35115,0,wsaderGG,PC,250531130415565399,Faust,FA,33910,True,False
2026-08-01 15:46:10,35005,0,wsaderGG,PC,250531130415565399,Faust,FA,33995,True,False
2026-08-01 15:43:29,35095,0,0peMs,PC,251010155601926504,Zato-1,ZA,34510,False,False
2026-08-01 15:40:37,34995,0,Voidwheel,PC,210611143214221564,Ky,KY,37305,True,False
2026-08-01 15:37:28,35075,0,Voidwheel,PC,210611143214221564,Ky,KY,37195,False,False
2026-08-01 15:35:28,34975,0,Voidwheel,PC,210611143214221564,Ky,KY,37265,True,False
2026-08-01 15:31:15,35040,0,RyoYamadaIRL,PC,260522124023623513,Elphelt,EL,36545,False,False
2026-08-01 15:29:08,35105,0,RyoYamadaIRL,PC,260522124023623513,Elphelt,EL,36455,False,False
2026-08-01 15:25:40,34995,0,Clovercri.tv,PC,230228151141973303,Bridget,BI,30960,True,False
2026-08-01 15:24:01,34905,0,Clovercri.tv,PC,230228151141973303,Bridget,BI,31015,True,False
2026-08-01 15:20:20,34990,0,RyoYamadaIRL,PC,260522124023623513,Elphelt,EL,36235,False,False
2026-08-01 15:18:36,34895,0,RyoYamadaIRL,PC,260522124023623513,Elphelt,EL,36305,True,False
2026-08-01 15:16:20,34980,0,RyoYamadaIRL,PC,260522124023623513,Elphelt,EL,36195,False,False
2026-08-01 15:13:56,35070,0,0peMs,PC,251010155601926504,Zato-1,ZA,34025,False,False
2026-08-01 15:11:52,35160,0,0peMs,PC,251010155601926504,Zato-1,ZA,33910,False,False
2026-08-01 15:07:51,35070,0,Menace,PC,210611081203995190,Millia,MI,31110,True,False
2026-08-01 15:05:13,34960,0,Menace,PC,210611081203995190,Millia,MI,31185,True,False
2026-08-01 15:02:17,35020,0,634x023336,PC,210911121843145613,Elphelt,EL,41325,False,False
2026-08-01 15:00:04,35080,0,634x023336,PC,210911121843145613,Elphelt,EL,41215,False,False
2026-08-01 14:55:57,34990,0,DbFighter,PC,250604205902705114,Ky,KY,34415,True,False
2026-08-01 14:53:45,34900,0,DbFighter,PC,250604205902705114,Ky,KY,34485,True,False
2026-08-01 14:50:47,34970,0,DbFighter,PC,250604205902705114,Ky,KY,34395,False,False
2026-08-01 14:47:02,35060,0,shoegazer,PC,240802155542101571,Baiken,BA,35875,False,False
2026-08-01 14:45:41,34970,0,shoegazer,PC,240802155542101571,Baiken,BA,35945,True,False
2026-08-01 14:43:16,35040,0,shoegazer,PC,240802155542101571,Baiken,BA,35855,False,False
2026-08-01 14:39:19,34930,0,RedLine,PC,260129193023502321,Ramlethal,RA,33035,True,False
2026-08-01 14:37:07,34840,0,RedLine,PC,260129193023502321,Ramlethal,RA,33100,True,False
2026-08-01 14:33:16,34910,0,RedLine,PC,260129193023502321,Ramlethal,RA,33005,False,False
2026-08-01 14:26:13,34820,0,McKnees,PC,240809002119389487,Nagoriyuki,NA,32335,True,False
2026-08-01 14:23:39,34710,0,McKnees,PC,240809002119389487,Nagoriyuki,NA,32415,True,False
2026-08-01 14:17:13,34780,0,Limic,PC,230212194244866211,May,MA,34570,False,False
2026-08-01 14:13:20,34870,0,Scarbingle,PC,251226194720763822,May,MA,33460,False,False
2026-08-01 14:12:06,34940,0,Scarbingle,PC,251226194720763822,May,MA,33365,False,False
2026-08-01 14:09:20,35030,0,Limic,PC,230212194244866211,May,MA,34525,False,False
2026-08-01 14:00:51,34935,0,五,PC,230224024156099947,Dizzy,DI,36070,True,False
2026-08-01 13:58:23,34840,0,五,PC,230224024156099947,Dizzy,DI,36140,True,False
2026-08-01 13:55:42,34925,0,五,PC,230224024156099947,Dizzy,DI,36030,False,False
2026-07-27 00:42:15,34810,0,Souma,PC,230530082842879557,Ky,KY,40350,True,False
2026-07-27 00:39:35,34675,0,Souma,PC,230530082842879557,Ky,KY,40440,True,False
2026-07-27 00:36:42,34565,0,Pimpest,PC,220521095501446712,Leo,LE,32900,True,False
2026-07-27 00:35:03,34455,0,Pimpest,PC,220521095501446712,Leo,LE,32985,True,False
2026-07-27 00:33:34,34525,0,Pimpest,PC,220521095501446712,Leo,LE,32890,False,False
2026-07-27 00:27:22,34605,0,Low Tier Sahur,PC,241029012604368331,Bridget,BI,37375,False,False
2026-07-27 00:25:09,34505,0,Low Tier Sahur,PC,241029012604368331,Bridget,BI,37445,True,False
2026-07-27 00:23:04,34565,0,Low Tier Sahur,PC,241029012604368331,Bridget,BI,37355,False,False
2026-07-27 00:18:53,34635,0,Kuniklo,PC,251207230144917592,Jack-O',JC,33010,False,False
2026-07-27 00:13:54,34725,0,Verdict,PC,230420020259410018,Johnny,JN,32570,False,False
2026-07-27 00:12:05,34795,0,Verdict,PC,230420020259410018,Johnny,JN,32380,False,False
2026-07-27 00:07:53,34685,0,LIMBO,PC,240423160522986894,Sol,SO,33880,True,False
2026-07-27 00:06:20,34595,0,LIMBO,PC,240423160522986894,Sol,SO,33950,True,False
2026-07-27 00:02:15,34485,0,Pimpest,PC,220521095501446712,Leo,LE,32775,True,False
2026-07-27 00:00:50,34375,0,Pimpest,PC,220521095501446712,Leo,LE,32860,True,False
2026-07-26 23:58:10,34230,0,Deathbug,PC,220511140241999837,May,MA,42105,True,False
2026-07-26 23:56:28,34100,0,Deathbug,PC,220511140241999837,May,MA,42175,True,False
2026-07-26 23:53:59,34135,0,Deathbug,PC,220511140241999837,May,MA,42085,False,False
2026-07-26 23:50:09,34175,0,techsupport,PC,260212072942082372,Bridget,BI,44175,False,False
2026-07-26 23:48:03,34200,0,techsupport,PC,260212072942082372,Bridget,BI,44085,False,False
2026-07-26 23:44:09,34255,0,Deathbug,PC,220511140241999837,May,MA,42135,False,False
2026-07-26 23:42:40,34290,0,Deathbug,PC,220511140241999837,May,MA,42045,False,False
2026-07-26 23:33:45,34200,0,Messire Macfloup,PC,221028173935466791,Sol,SO,32865,True,False
2026-07-26 23:30:39,34090,0,Messire Macfloup,PC,221028173935466791,Sol,SO,32950,True,False
2026-07-26 23:27:56,33980,0,Magic Twink,PC,251014164115897799,Asuka,AS,31730,True,False
2026-07-26 23:25:47,33890,0,Magic Twink,PC,251014164115897799,Asuka,AS,31790,True,False
2026-07-26 23:20:35,33980,0,Ser,PC,250809130945917335,Testament,TE,33795,False,False
2026-07-26 23:19:04,34070,0,Ser,PC,250809130945917335,Testament,TE,33685,False,False
2026-07-26 23:16:27,33980,0,LIMBO,PC,240423160522986894,Sol,SO,34460,True,False
2026-07-26 23:13:42,33870,0,LIMBO,PC,240423160522986894,Sol,SO,34550,True,False
2026-07-26 23:11:16,33780,0,Luck,PC,251010130335656509,Potemkin,PO,31120,True,False
2026-07-26 23:09:21,33850,0,Luck,PC,251010130335656509,Potemkin,PO,31020,False,False
2026-07-26 23:05:39,33940,0,Ser,PC,250809130945917335,Testament,TE,33510,False,False
2026-07-26 23:04:53,34010,0,Ser,PC,250809130945917335,Testament,TE,33420,False,False
2026-07-26 23:00:29,34055,0,Tie,PC,210723151415268831,Nagoriyuki,NA,39375,False,False
2026-07-26 22:58:41,34100,0,Tie,PC,210723151415268831,Nagoriyuki,NA,39285,False,False
2026-07-26 22:56:11,33985,0,Tie,PC,210723151415268831,Nagoriyuki,NA,39355,True,False
2026-07-26 22:52:54,34075,0,Tznak,PC,210611112908742747,Dizzy,DI,34715,False,False
2026-07-26 22:51:08,33985,0,Tznak,PC,210611112908742747,Dizzy,DI,34785,True,False
2026-07-26 22:48:52,34055,0,Tznak,PC,210611112908742747,Dizzy,DI,34695,False,False
2026-07-26 22:45:14,34115,0,Espy,PC,220926182245517991,Elphelt,EL,40740,False,False
2026-07-26 22:43:06,34175,0,Espy,PC,220926182245517991,Elphelt,EL,40630,False,False
2026-07-26 22:40:24,34265,0,Luck,PC,251010130335656509,Ramlethal,RA,32680,False,False
2026-07-26 22:38:33,34355,0,Luck,PC,251010130335656509,Ramlethal,RA,32565,False,False
2026-07-26 22:36:21,34425,0,NimaLith,PC,250627045452342693,Potemkin,PO,34820,False,False
2026-07-26 22:33:06,34315,0,Tie,PC,210723151415268831,Slayer,SL,33295,True,False
2026-07-26 22:31:26,34225,0,Tie,PC,210723151415268831,Slayer,SL,33365,True,False
2026-07-26 22:29:27,34315,0,Tie,PC,210723151415268831,Slayer,SL,33250,False,False
2026-07-26 22:26:55,34390,0,Beyond,PC,251009152347800048,Robo-Ky,RK,38305,False,False
2026-07-26 22:25:36,34465,0,Beyond,PC,251009152347800048,Robo-Ky,RK,38195,False,False
2026-07-26 22:22:34,34355,0,iceFOX,PC,210701095012845277,Robo-Ky,RK,32935,True,False
2026-07-26 22:19:57,34395,0,glava,PC,220531121511461867,Potemkin,PO,44560,False,False
2026-07-26 22:16:51,34285,0,Slingin' sludge,PC,240728211727096326,Faust,FA,33905,True,False
2026-07-26 22:15:09,34175,0,Slingin' sludge,PC,240728211727096326,Faust,FA,33995,True,False
2026-07-26 22:13:14,34245,0,Slingin' sludge,PC,240728211727096326,Faust,FA,33905,False,False
2026-07-26 15:17:13,34130,0,MappaHunchMarkus,PC,210901231922037783,Slayer,SL,36125,True,False
2026-07-26 15:16:04,34195,0,MappaHunchMarkus,PC,210901231922037783,Slayer,SL,36035,False,False
2026-07-26 15:13:49,34095,0,MappaHunchMarkus,PC,210901231922037783,Slayer,SL,36105,True,False
2026-07-26 15:10:02,34165,0,KIRA!,PC,230420145227703361,Giovanna,GI,33705,False,False
2026-07-26 15:07:27,34255,0,KIRA!,PC,230420145227703361,Giovanna,GI,33595,False,False
2026-07-26 15:04:49,34135,0,AbdoDoo,PC,260409200832389858,Lucy,LU,40750,True,False
2026-07-26 15:02:07,34015,0,AbdoDoo,PC,260409200832389858,Lucy,LU,40820,True,False
2026-07-26 14:57:27,33925,0,KIRA!,PC,230420145227703361,Giovanna,GI,33490,True,False
2026-07-26 14:54:46,33835,0,KIRA!,PC,230420145227703361,Giovanna,GI,33560,True,False
2026-07-26 14:52:02,33925,0,KIRA!,PC,230420145227703361,Giovanna,GI,33450,False,False
2026-07-26 14:49:44,33995,0,tsun,PC,210627183329528798,Giovanna,GI,33535,False,False
2026-07-26 14:47:35,34085,0,tsun,PC,210627183329528798,Giovanna,GI,33425,False,False
2026-07-26 14:44:58,33995,0,Jonigilon,PC,220611134237537445,Baiken,BA,32995,True,False
2026-07-26 14:39:30,33885,0,Niemi,PC,250122101252735518,Axl,AX,31240,True,False
2026-07-26 14:33:41,33940,0,Umi,PC,250626214028153389,Nagoriyuki,NA,37150,False,False
2026-07-26 14:30:44,33995,0,Umi,PC,250626214028153389,Nagoriyuki,NA,37060,False,False
2026-07-26 14:27:12,33885,0,Tznak,PC,210611112908742747,Dizzy,DI,32535,True,False
2026-07-26 14:25:25,33795,0,Tznak,PC,210611112908742747,Dizzy,DI,32600,True,False
2026-07-26 14:21:55,33885,0,Rockeeb,PC,210611080618139264,Sol,SO,33895,False,False
2026-07-26 14:20:09,33795,0,Rockeeb,PC,210611080618139264,Sol,SO,33965,True,False
2026-07-26 14:17:25,33885,0,Rockeeb,PC,210611080618139264,Sol,SO,33855,False,False
2026-07-26 14:15:00,33955,0,Tznak,PC,210611112908742747,Dizzy,DI,32565,False,False
2026-07-26 14:12:57,34025,0,Tznak,PC,210611112908742747,Dizzy,DI,32470,False,False
2026-07-26 14:10:44,33935,0,Tznak,PC,210611112908742747,Dizzy,DI,32535,True,False
2026-07-26 14:07:08,34005,0,Dr. Pepper,PC,221125184406794416,Potemkin,PO,30885,False,False
2026-07-26 14:05:08,34095,0,Dr. Pepper,PC,221125184406794416,Potemkin,PO,30760,False,False
2026-07-26 14:02:27,33985,0,Komi,PC,220425171259336305,Sol,SO,33680,True,False
2026-07-26 14:00:48,33875,0,Komi,PC,220425171259336305,Sol,SO,33770,True,False
2026-07-26 13:59:06,33965,0,Komi,PC,220425171259336305,Sol,SO,33660,False,False
2026-07-26 13:56:28,34050,0,SeeD,PC,220814185142346313,Asuka,AS,35845,False,False
2026-07-26 13:54:42,34135,0,SeeD,PC,220814185142346313,Asuka,AS,35735,False,False
2026-07-26 13:53:05,34040,0,SeeD,PC,220814185142346313,Asuka,AS,35805,True,False
2026-07-26 13:48:06,33930,0,sleeper agent,PC,250808191851991225,Bedman?,BE,34135,True,False
2026-07-26 13:45:38,34000,0,rimmeri,PC,260206194909156669,Leo,LE,33400,False,False
2026-07-26 13:43:34,34070,0,rimmeri,PC,260206194909156669,Leo,LE,33310,False,False
2026-07-25 17:37:44,34140,0,Distant Utopia,PC,210611191652423488,Slayer,SL,32790,True,False
2026-07-25 17:36:22,34050,0,Distant Utopia,PC,210611191652423488,Slayer,SL,32855,True,False
2026-07-25 17:29:49,33940,0,MetalGuzno,PC,251011184340475647,Bedman?,BE,33180,True,False
2026-07-25 17:27:46,34030,0,MetalGuzno,PC,251011184340475647,Bedman?,BE,33070,False,False
2026-07-25 17:25:59,33920,0,MetalGuzno,PC,251011184340475647,Bedman?,BE,33160,True,False
2026-07-25 17:21:50,33990,0,LaCreatura,PC,231208141319195619,Johnny,JN,33990,False,False
2026-07-25 17:19:03,34060,0,LaCreatura,PC,231208141319195619,Johnny,JN,33900,False,False
2026-07-25 17:15:39,34150,0,GoldenCeCe,PC,230820112536540328,Bedman?,BE,33005,False,False
2026-07-25 17:13:50,34240,0,GoldenCeCe,PC,230820112536540328,Bedman?,BE,32890,False,False
2026-07-25 17:12:09,34150,0,GoldenCeCe,PC,230820112536540328,Bedman?,BE,32955,True,False
2026-07-25 17:08:46,34240,0,el condor pasa,PC,241022102334421154,Elphelt,EL,33300,False,False
2026-07-25 17:06:23,34130,0,el condor pasa,PC,241022102334421154,Elphelt,EL,33390,True,False
2026-07-25 17:04:58,34220,0,el condor pasa,PC,241022102334421154,Elphelt,EL,33280,False,False
2026-07-25 17:02:00,34290,0,LaCreatura,PC,231208141319195619,Johnny,JN,33770,False,False
2026-07-25 16:59:38,34360,0,LaCreatura,PC,231208141319195619,Johnny,JN,33680,False,False
2026-07-25 16:56:39,34270,0,LaCreatura,PC,231208141319195619,Johnny,JN,33750,True,False
2026-07-25 16:51:57,34335,0,acuL,PC,241105212159824300,Ky,KY,36070,False,False
2026-07-25 16:48:14,34245,0,GPDP,PC,231106092910233813,Unika,UN,34825,True,False
2026-07-25 16:45:49,34155,0,GPDP,PC,231106092910233813,Unika,UN,34895,True,False
2026-07-25 16:42:25,34245,0,LaCreatura,PC,231208141319195619,Johnny,JN,33330,False,False
2026-07-25 16:40:25,34335,0,LaCreatura,PC,231208141319195619,Johnny,JN,33215,False,False
2026-07-25 16:38:20,34245,0,LaCreatura,PC,231208141319195619,Johnny,JN,33285,True,False
2026-07-25 16:35:55,34155,0,JeeJo,PC,210620131345118036,Ky,KY,24765,True,False
2026-07-25 16:30:21,34045,0,GoldenCeCe,PC,230820112536540328,Bedman?,BE,32725,True,False
2026-07-25 16:28:23,34135,0,GoldenCeCe,PC,230820112536540328,Bedman?,BE,32610,False,False
2026-07-25 16:26:42,34045,0,GoldenCeCe,PC,230820112536540328,Bedman?,BE,32675,True,False
2026-07-25 16:22:30,33935,0,LaCreatura,PC,231208141319195619,Johnny,JN,33335,True,False
2026-07-25 16:19:52,33820,0,snake_kyrut,PC,230120181523786907,Leo,LE,39300,True,False
2026-07-25 16:17:14,33865,0,snake_kyrut,PC,230120181523786907,Leo,LE,39210,False,False
2026-07-25 16:14:35,33730,0,snake_kyrut,PC,230120181523786907,Leo,LE,39300,True,False
2026-07-25 16:11:33,33795,0,Ramsay,PC,240518195607949354,Dizzy,DI,35135,False,False
2026-07-25 16:08:59,33860,0,Ramsay,PC,240518195607949354,Dizzy,DI,35045,False,False
2026-07-25 16:06:26,33745,0,Ramsay,PC,240518195607949354,Dizzy,DI,35135,True,False
2026-07-25 16:03:57,33780,0,Jack's #1 Dandy,PC,220701103019255219,Robo-Ky,RK,41435,False,False
2026-07-25 16:01:22,33835,0,Jack's #1 Dandy,PC,220701103019255219,Robo-Ky,RK,41325,False,False
2026-07-25 04:22:58,33725,0,Rankz,PC,211207192859139876,Nagoriyuki,NA,32195,True,False
2026-07-25 04:21:10,33635,0,Rankz,PC,211207192859139876,Nagoriyuki,NA,32260,True,False
2026-07-25 04:19:02,33705,0,Rankz,PC,211207192859139876,Nagoriyuki,NA,32165,False,False
2026-07-25 04:13:12,33615,0,HHLHH,PC,231211143648300712,Asuka,AS,32480,True,False
2026-07-25 04:00:25,33705,0,Verdict,PC,230420020259410018,Johnny,JN,30200,False,False
2026-07-25 03:58:48,33795,0,Verdict,PC,230420020259410018,Johnny,JN,30075,False,False
2026-07-25 03:56:34,33705,0,Verdict,PC,230420020259410018,Johnny,JN,30130,True,False
2026-07-25 03:51:39,33785,0,Magíc122,PC,241211163745430637,Giovanna,GI,35975,False,False
2026-07-25 03:50:16,33845,0,Magíc122,PC,241211163745430637,Giovanna,GI,35885,False,False
2026-07-25 03:47:46,33725,0,Magíc122,PC,241211163745430637,Giovanna,GI,35975,True,False
2026-07-25 03:43:32,33795,0,Ryouken,PC,240903165222683961,Bridget,BI,33905,False,False
2026-07-25 03:41:02,33885,0,Ryouken,PC,240903165222683961,Bridget,BI,33795,False,False
2026-07-25 03:37:44,33775,0,Verdict,PC,230420020259410018,Johnny,JN,30005,True,False
2026-07-25 03:36:17,33685,0,Verdict,PC,230420020259410018,Johnny,JN,30060,True,False
2026-07-25 03:32:25,33775,0,yoiguess?,PC,210731193724302625,Sol,SO,33975,False,False
2026-07-25 03:30:46,33665,0,yoiguess?,PC,210731193724302625,Sol,SO,34065,True,False
2026-07-25 03:28:45,33755,0,yoiguess?,PC,210731193724302625,Sol,SO,33955,False,False
2026-07-25 03:25:35,33795,0,oufan,PC,210611170359885986,Jam,JA,44650,False,False
2026-07-25 03:23:45,33835,0,oufan,PC,210611170359885986,Jam,JA,44540,False,False
2026-07-25 03:20:57,33925,0,yoiguess?,PC,210731193724302625,Sol,SO,33720,False,False
2026-07-25 03:19:18,33995,0,yoiguess?,PC,210731193724302625,Sol,SO,33630,False,False
2026-07-25 03:16:13,33885,0,yoiguess?,PC,210731193724302625,Sol,SO,33720,True,False
2026-07-25 03:12:34,33775,0,VexStar,PC,250130195333932355,Happy Chaos,HA,25060,True,False
2026-07-25 03:10:42,33665,0,VexStar,PC,250130195333932355,Happy Chaos,HA,25110,True,False
2026-07-25 03:07:09,33705,0,bushsnifferpuppy,PC,220810193558670470,Baiken,BA,40185,False,False
2026-07-25 03:02:39,33615,0,Skeith,PC,210615112148470043,Jam,JA,29135,True,False
2026-07-25 03:00:23,33525,0,Skeith,PC,210615112148470043,Jam,JA,29185,True,False
2026-07-25 02:54:38,33585,0,bushsnifferpuppy,PC,220810193558670470,Baiken,BA,40225,False,False
2026-07-25 02:52:27,33445,0,bushsnifferpuppy,PC,220810193558670470,Baiken,BA,40315,True,False
2026-07-25 02:50:04,33485,0,bushsnifferpuppy,PC,220810193558670470,Baiken,BA,40225,False,False
2026-07-25 02:46:31,33555,0,Pez,PC,250719021505654044,Ky,KY,33400,False,False
2026-07-25 02:44:01,33625,0,Pez,PC,250719021505654044,Ky,KY,33310,False,False
2026-07-25 02:37:49,33665,0,GraveReaper,PC,210611073232665679,Robo-Ky,RK,44615,False,False
2026-07-25 02:36:05,33705,0,GraveReaper,PC,210611073232665679,Robo-Ky,RK,44505,False,False
2026-07-25 02:33:00,33775,0,Pez,PC,250719021505654044,Ky,KY,33300,False,False
2026-07-25 02:30:21,33845,0,Pez,PC,250719021505654044,Ky,KY,33210,False,False
2026-07-25 02:26:10,33755,0,Pez,PC,250719021505654044,Ky,KY,33280,True,False
2026-07-25 02:23:09,33645,0,Pez,PC,250719021505654044,Ky,KY,33370,True,False
2026-07-25 02:19:37,33735,0,Pez,PC,250719021505654044,Ky,KY,33260,False,False
2026-07-25 02:17:22,33805,0,Pez,PC,250719021505654044,Ky,KY,33170,False,False
2026-07-25 02:14:23,33695,0,Pez,PC,250719021505654044,Ky,KY,33260,True,False
2026-07-25 02:10:34,33785,0,Pez,PC,250719021505654044,Ky,KY,33150,False,False
2026-07-25 02:08:45,33675,0,Pez,PC,250719021505654044,Ky,KY,33240,True,False
2026-07-25 02:06:42,33765,0,Pez,PC,250719021505654044,Ky,KY,33130,False,False
2026-07-25 02:01:21,33625,0,GraveReaper,PC,210611073232665679,Robo-Ky,RK,44785,True,False
2026-07-24 03:55:29,33475,0,Arazuki,PC,231004150209654898,Nagoriyuki,NA,41525,True,False
2026-07-24 03:53:35,33345,0,Arazuki,PC,231004150209654898,Nagoriyuki,NA,41595,True,False
2026-07-24 03:49:37,33215,0,Arazuki,PC,231004150209654898,Nagoriyuki,NA,41665,True,False
2026-07-24 03:47:22,33065,0,Arazuki,PC,231004150209654898,Nagoriyuki,NA,41755,True,False
2026-07-24 03:46:01,33115,0,Arazuki,PC,231004150209654898,Nagoriyuki,NA,41645,False,False
2026-07-24 03:41:21,33165,0,Arazuki,PC,231004150209654898,Nagoriyuki,NA,41535,False,False
2026-07-24 03:39:57,33195,0,Arazuki,PC,231004150209654898,Nagoriyuki,NA,41445,False,False
2026-07-24 03:36:32,33105,0,ttv/4lder_,PC,220916035446456334,Jack-O',JC,32850,True,False
2026-07-24 03:31:11,33195,0,ttv/4lder_,PC,220916035446456334,Jack-O',JC,32740,False,False
2026-07-24 03:29:33,33285,0,ttv/4lder_,PC,220916035446456334,Jack-O',JC,32630,False,False
2026-07-24 03:26:06,33170,0,Bakatelas,PC,230518161934828539,Dizzy,DI,34530,True,False
2026-07-24 03:24:40,33055,0,Bakatelas,PC,230518161934828539,Dizzy,DI,34620,True,False
2026-07-24 03:22:48,33140,0,Bakatelas,PC,230518161934828539,Dizzy,DI,34510,False,False
2026-07-24 03:19:46,33230,0,Kukusya,PC,240315093530736977,Robo-Ky,RK,33285,False,False
2026-07-24 03:18:18,33320,0,Kukusya,PC,240315093530736977,Robo-Ky,RK,33175,False,False
2026-07-24 03:15:30,33385,0,Bakatelas,PC,230518161934828539,Dizzy,DI,34420,False,False
2026-07-24 03:13:45,33475,0,Bakatelas,PC,230518161934828539,Dizzy,DI,34310,False,False
2026-07-24 03:10:23,33545,0,Verdict,PC,230420020259410018,Johnny,JN,28745,False,False
2026-07-24 03:07:47,33615,0,Verdict,PC,230420020259410018,Johnny,JN,28635,False,False
2026-07-24 03:03:00,33670,0,Arazuki,PC,231004150209654898,Nagoriyuki,NA,40945,False,False
2026-07-24 03:01:33,33725,0,Arazuki,PC,231004150209654898,Nagoriyuki,NA,40745,False,False
2026-07-24 02:56:42,33795,0,Scorpio King,PC,210611134813024139,Johnny,JN,25020,False,False
2026-07-24 02:52:21,33885,0,Bakatelas,PC,230518161934828539,Dizzy,DI,34070,False,False
2026-07-24 02:51:01,33955,0,Bakatelas,PC,230518161934828539,Dizzy,DI,33980,False,False
2026-07-24 02:48:08,33865,0,Bakatelas,PC,230518161934828539,Dizzy,DI,34050,True,False
2026-07-24 02:42:15,33665,0,cuelda,PC,250527140146809770,Sol,SO,21760,True,False
2026-07-24 02:42:05,33775,0,cuelda,PC,250527140146809770,Sol,SO,21720,True,False
2026-07-24 02:39:05,33550,0,Camur,PC,250324223211170258,Slayer,SL,39385,True,False
2026-07-24 02:36:51,33430,0,Camur,PC,250324223211170258,Slayer,SL,39455,True,False
2026-07-24 02:34:30,33475,0,Camur,PC,250324223211170258,Slayer,SL,39365,False,False
2026-07-24 02:30:39,33565,0,C.Puffs,PC,210611074528458390,Johnny,JN,32185,False,False
2026-07-24 02:28:58,33655,0,C.Puffs,PC,210611074528458390,Johnny,JN,32070,False,False
2026-07-24 02:26:17,33745,0,Bakatelas,PC,230518161934828539,Dizzy,DI,33930,False,False
2026-07-24 02:24:08,33815,0,Bakatelas,PC,230518161934828539,Dizzy,DI,33840,False,False
2026-07-24 02:20:06,33725,0,Bakatelas,PC,230518161934828539,Dizzy,DI,33910,True,False
2026-07-24 02:17:46,33615,0,Bakatelas,PC,230518161934828539,Dizzy,DI,34000,True,False
2026-07-24 02:14:52,33680,0,Camur,PC,250324223211170258,Slayer,SL,38835,False,False
2026-07-24 02:13:05,33750,0,Camur,PC,250324223211170258,Slayer,SL,38725,False,False
2026-07-20 04:36:55,33660,0,szczuczyn,PC,240709081724674037,Ky,KY,24740,True,False
2026-07-20 04:34:01,33570,0,szczuczyn,PC,240709081724674037,Ky,KY,24770,True,False
2026-07-20 04:30:11,33460,0,Rien,PC,260326014448675739,Happy Chaos,HA,31225,True,False
2026-07-20 04:28:31,33370,0,Rien,PC,260326014448675739,Happy Chaos,HA,31285,True,False
2026-07-20 04:23:26,33260,0,szczuczyn,PC,240709081724674037,Ky,KY,24620,True,False
2026-07-20 04:21:27,33170,0,szczuczyn,PC,240709081724674037,Ky,KY,24650,True,False
2026-07-20 04:17:07,33080,0,Paranoya,PC,250811065411874511,Chipp,CH,32240,True,False
2026-07-20 04:14:46,32970,0,Paranoya,PC,250811065411874511,Chipp,CH,32330,True,False
2026-07-20 04:11:16,33040,0,Paranoya,PC,250811065411874511,Chipp,CH,32240,False,False
2026-07-20 04:08:43,32930,0,Paranoya,PC,250811065411874511,Chipp,CH,32330,True,False
2026-07-20 04:07:04,33000,0,Paranoya,PC,250811065411874511,Chipp,CH,32240,False,False
2026-07-20 04:00:16,32890,0,Paranoya,PC,250811065411874511,Chipp,CH,32330,True,False
2026-07-20 03:58:49,32800,0,Paranoya,PC,250811065411874511,Chipp,CH,32400,True,False
2026-07-20 03:55:14,32670,0,Morega444,PC,250219093748807465,Asuka,AS,36805,True,False
2026-07-20 03:53:24,32725,0,Morega444,PC,250219093748807465,Asuka,AS,36715,False,False
2026-07-20 03:50:32,32615,0,Morega444,PC,250219093748807465,Asuka,AS,36785,True,False
2026-07-20 03:46:08,32685,0,Kaiman,PC,260402133935430958,Leo,LE,28470,False,False
2026-07-20 03:42:25,32595,0,Kaiman,PC,260402133935430958,Leo,LE,28520,True,False
2026-07-20 03:39:58,32665,0,Kaiman,PC,260402133935430958,Leo,LE,28320,False,False
2026-07-20 03:35:33,32730,0,WooperWednesday,PC,210809122418264646,Asuka,AS,34535,False,False
2026-07-20 03:32:39,32795,0,WooperWednesday,PC,210809122418264646,Asuka,AS,34445,False,False
2026-07-20 03:27:55,32860,0,WooperWednesday,PC,210809122418264646,Asuka,AS,34355,False,False
2026-07-20 03:24:36,32945,0,WooperWednesday,PC,210809122418264646,Asuka,AS,34245,False,False
2026-07-20 03:23:07,32830,0,WooperWednesday,PC,210809122418264646,Asuka,AS,34335,True,False
2026-07-20 03:20:54,32740,0,Kaiman,PC,260402133935430958,Leo,LE,27930,True,False
2026-07-20 03:18:03,32630,0,Kaiman,PC,260402133935430958,Leo,LE,28000,True,False
2026-07-20 03:14:07,32540,0,Kettle Goblin,PC,230919001700157366,A.B.A.,AB,30820,True,False
2026-07-20 03:11:18,32360,0,Kettle Goblin,PC,230919001700157366,A.B.A.,AB,30885,True,False
2026-07-20 03:06:55,32450,0,Kettle Goblin,PC,230919001700157366,A.B.A.,AB,30770,False,False
2026-07-20 03:05:00,32520,0,Kettle Goblin,PC,230919001700157366,A.B.A.,AB,30675,False,False
2026-07-16 01:18:26,32340,0,ChoclateStarfısh,PC,241006190851478070,Chipp,CH,30115,True,False
2026-07-16 01:15:49,32230,0,ChoclateStarfısh,PC,241006190851478070,Chipp,CH,30195,True,False
2026-07-16 01:12:38,32120,0,KunKan,PC,260501191654087252,Anji,AN,24910,True,False
2026-07-16 01:10:38,32010,0,KunKan,PC,260501191654087252,Anji,AN,24965,True,False
2026-07-16 01:07:25,31920,0,URSA M★JOR,PC,250529193305224647,Ky,KY,28670,True,False
2026-07-16 01:04:36,31830,0,URSA M★JOR,PC,250529193305224647,Ky,KY,28725,True,False
2026-07-16 01:00:47,31720,0,URSA M★JOR,PC,250529193305224647,Ky,KY,28805,True,False
2026-07-16 00:58:15,31790,0,YóYo,PC,260122045031658175,Sin,SI,29430,False,False
2026-07-16 00:55:57,31860,0,YóYo,PC,260122045031658175,Sin,SI,29330,False,False
2026-07-16 00:52:55,31925,0,TerryLovesYogurt,PC,210613215650350384,Leo,LE,33890,False,False
2026-07-16 00:50:19,31805,0,TerryLovesYogurt,PC,210613215650350384,Leo,LE,33980,True,False
2026-07-16 00:48:44,31890,0,TerryLovesYogurt,PC,210613215650350384,Leo,LE,33870,False,False
2026-07-16 00:45:43,31800,0,URSA M★JOR,PC,250529193305224647,Ky,KY,28695,True,False
2026-07-16 00:42:39,31710,0,URSA M★JOR,PC,250529193305224647,Ky,KY,28755,True,False
2026-07-16 00:38:28,31780,0,Trunks,PC,220725140352586060,Axl,AX,0,False,False
2026-07-16 00:36:14,31870,0,Trunks,PC,220725140352586060,Axl,AX,0,False,False
2026-07-16 00:34:09,31760,0,Trunks,PC,220725140352586060,Axl,AX,0,True,False
2026-07-16 00:31:21,31785,0,watersomemelons,PC,220320132120734233,Axl,AX,40920,False,False
2026-07-16 00:28:49,31835,0,watersomemelons,PC,220320132120734233,Axl,AX,40810,False,False
2026-07-16 00:25:15,31725,0,DaGentleman,PC,260213222246477498,Giovanna,GI,27340,True,False
2026-07-16 00:23:38,31615,0,DaGentleman,PC,260213222246477498,Giovanna,GI,27410,True,False
2026-07-15 21:14:28,31685,0,Vulki,PC,230126180753842337,Robo-Ky,RK,28775,False,False
2026-07-15 21:12:09,31775,0,Vulki,PC,230126180753842337,Robo-Ky,RK,28650,False,False
2026-07-15 00:59:13,31655,0,NimaLith,PC,250627045452342693,Potemkin,PO,34185,True,False
2026-07-15 00:57:24,31535,0,NimaLith,PC,250627045452342693,Potemkin,PO,34275,True,False
2026-07-15 00:54:12,31445,0,Ikea Barber,PC,250803221552855152,Jam,JA,28730,True,False
2026-07-15 00:52:12,31335,0,Ikea Barber,PC,250803221552855152,Jam,JA,28810,True,False
2026-07-15 00:48:28,31375,0,ShivfromDeadlock,PC,230419162626521877,Sin,SI,0,False,False
2026-07-15 00:46:40,31415,0,ShivfromDeadlock,PC,230419162626521877,Sin,SI,0,False,False
2026-07-15 00:43:47,31305,0,Blizzace,PC,250320162810183549,Sin,SI,26760,True,False
2026-07-15 00:41:49,31215,0,Blizzace,PC,250320162810183549,Sin,SI,26810,True,False
2026-07-15 00:37:06,31305,0,Everyday'sMonday,PC,210811154856074637,Robo-Ky,RK,31160,False,False
2026-07-15 00:35:06,31215,0,Everyday'sMonday,PC,210811154856074637,Robo-Ky,RK,31230,True,False
2026-07-15 00:32:45,31305,0,Everyday'sMonday,PC,210811154856074637,Robo-Ky,RK,31120,False,False
2026-07-15 00:29:54,31215,0,Kaiman,PC,260402133935430958,Leo,LE,28995,True,False
2026-07-15 00:26:57,31105,0,Kaiman,PC,260402133935430958,Leo,LE,29075,True,False
2026-07-13 01:35:30,30995,0,SalimPS,PC,250316010334738104,Chipp,CH,30335,True,False
2026-07-13 01:33:39,30885,0,SalimPS,PC,250316010334738104,Chipp,CH,30425,True,False
2026-07-13 01:29:09,30945,0,Simke,PC,260315002230239274,Axl,AX,37135,False,False
2026-07-13 01:26:07,30985,0,Simke,PC,260315002230239274,Axl,AX,37045,False,False
2026-07-13 01:22:25,30895,0,Leaf,PC,241107225914337689,Dizzy,DI,28135,True,False
2026-07-13 01:19:34,30805,0,Leaf,PC,241107225914337689,Dizzy,DI,28195,True,False
2026-07-12 16:16:41,30695,0,Totte,PC,210809092543298937,Testament,TE,30070,True,False
2026-07-12 16:14:59,30585,0,Totte,PC,210809092543298937,Testament,TE,30160,True,False
2026-07-12 16:12:31,30490,0,Danizent,PC,251122210508790149,Lucy,LU,32110,True,False
2026-07-12 16:10:05,30395,0,Danizent,PC,251122210508790149,Lucy,LU,32180,True,False
2026-07-12 16:06:56,30460,0,Queen's Guard,PC,210709182641191484,Dizzy,DI,32250,False,False
2026-07-12 16:04:00,30545,0,Queen's Guard,PC,210709182641191484,Dizzy,DI,32140,False,False
2026-07-12 16:01:26,30615,0,Exlow,PC,251216223439566281,Chipp,CH,30975,False,False
2026-07-12 15:58:19,30705,0,Exlow,PC,251216223439566281,Chipp,CH,30865,False,False
2026-07-12 15:54:58,30610,0,Mirelle,PC,240913214603627203,Robo-Ky,RK,32320,True,False
2026-07-12 15:52:25,30675,0,Mirelle,PC,240913214603627203,Robo-Ky,RK,32230,False,False
2026-07-12 15:49:26,30765,0,Jakala,PC,240707183050585136,Jam,JA,0,False,False
2026-07-12 15:47:55,30835,0,Jakala,PC,240707183050585136,Jam,JA,0,False,False
2026-07-12 15:44:37,30745,0,Jakala,PC,240707183050585136,Jam,JA,0,True,False
2026-07-12 15:41:25,30655,0,Sora,PC,240502134134272824,A.B.A.,AB,27705,True,False
2026-07-12 15:39:03,30545,0,Sora,PC,240502134134272824,A.B.A.,AB,27785,True,False
2026-07-12 15:36:39,30610,0,Queen's Guard,PC,210709182641191484,Dizzy,DI,31740,False,False
2026-07-12 15:32:56,30495,0,Shibratus?,PC,231202220632323129,Lucy,LU,32060,True,False
2026-07-12 15:31:26,30400,0,Shibratus?,PC,231202220632323129,Lucy,LU,32130,True,False
2026-07-12 15:28:56,30485,0,Shibratus?,PC,231202220632323129,Lucy,LU,32020,False,False
2026-07-12 15:26:05,30555,0,BoringAlda,PC,250627152951587577,Unika,UN,29350,False,False
2026-07-12 15:22:43,30460,0,Azairas,PC,240918144042185378,Leo,LE,31925,True,False
2026-07-12 15:20:02,30345,0,Azairas,PC,240918144042185378,Leo,LE,32015,True,False
2026-07-12 15:17:21,30415,0,Totte,PC,210809092543298937,Testament,TE,30075,False,False
2026-07-12 15:14:38,30505,0,Totte,PC,210809092543298937,Testament,TE,29965,False,False
2026-07-12 15:12:49,30415,0,Totte,PC,210809092543298937,Testament,TE,30035,True,False
2026-07-12 15:08:48,30305,0,Norition,PC,250729211442231493,Leo,LE,27395,True,False
2026-07-12 15:07:14,30215,0,Norition,PC,250729211442231493,Leo,LE,27455,True,False
2026-07-12 15:03:36,30300,0,DecafBean,PC,240721003258872424,I-No,IN,31440,False,False
2026-07-12 15:02:14,30390,0,DecafBean,PC,240721003258872424,I-No,IN,31330,False,False
2026-07-12 04:31:33,30300,0,Nerio,PC,250419082434558924,Unika,UN,29910,True,False
2026-07-12 04:28:35,30210,0,Nerio,PC,250419082434558924,Unika,UN,29980,True,False
2026-07-12 04:23:41,30300,0,Novice coffee~,PC,220608002008459850,Ramlethal,RA,26960,False,False
2026-07-12 04:21:44,30190,0,Novice coffee~,PC,220608002008459850,Ramlethal,RA,27035,True,False
2026-07-12 04:20:38,30280,0,Novice coffee~,PC,220608002008459850,Ramlethal,RA,26910,False,False
2026-07-12 04:17:44,30360,0,Morega444,PC,250219093748807465,Asuka,AS,32490,False,False
2026-07-12 04:14:54,30270,0,Zerofim,PC,240321120446879088,Bridget,BI,28920,True,False
2026-07-12 04:12:20,30340,0,Zerofim,PC,240321120446879088,Bridget,BI,28825,False,False
2026-07-12 04:09:56,30250,0,Zerofim,PC,240321120446879088,Bridget,BI,28890,True,False
2026-07-12 04:04:33,30320,0,Paranoya,PC,250811065411874511,Millia,MI,30500,False,False
2026-07-12 04:01:21,30210,0,Zerofim,PC,240321120446879088,Bridget,BI,28975,True,False
2026-07-12 03:59:44,30120,0,Zerofim,PC,240321120446879088,Bridget,BI,29040,True,False
2026-07-11 03:21:09,29980,0,ArmchairTitan,PC,231219025324167090,Robo-Ky,RK,44035,True,False
2026-07-11 03:18:02,30000,0,ArmchairTitan,PC,231219025324167090,Robo-Ky,RK,43945,False,False
2026-07-11 03:13:36,30040,0,ArmchairTitan,PC,231219025324167090,Robo-Ky,RK,43835,False,False
2026-07-11 03:12:03,30060,0,ArmchairTitan,PC,231219025324167090,Robo-Ky,RK,43745,False,False
2026-07-11 03:08:10,30125,0,SHMATKO,PC,250419153718336546,Dizzy,DI,31790,False,False
2026-07-11 03:05:12,30030,0,SHMATKO,PC,250419153718336546,Dizzy,DI,31860,True,False
2026-07-11 03:02:43,30115,0,SHMATKO,PC,250419153718336546,Dizzy,DI,31750,False,False
2026-07-11 02:59:54,30185,0,killVmaim,PC,260420224809961272,Johnny,JN,24870,False,False
2026-07-11 02:56:54,30075,0,killVmaim,PC,260420224809961272,Johnny,JN,24935,True,False
2026-07-11 02:55:00,30165,0,killVmaim,PC,260420224809961272,Johnny,JN,24800,False,False
2026-07-11 02:52:01,30200,0,Oka'my,PC,250720164839777379,Chipp,CH,37880,False,False
2026-07-11 02:49:33,30255,0,Oka'my,PC,250720164839777379,Chipp,CH,37770,False,False
2026-07-11 02:46:38,30130,0,Oka'my,PC,250720164839777379,Chipp,CH,37840,True,False
2026-07-11 02:42:20,29985,0,mindalek,PC,241107014409555234,Testament,TE,37035,True,False
2026-07-11 02:34:35,29875,0,Skeith,PC,210615112148470043,Jam,JA,29165,True,False
2026-07-11 02:33:11,29765,0,Skeith,PC,210615112148470043,Jam,JA,29255,True,False
2026-07-11 02:30:46,29835,0,Skeith,PC,210615112148470043,Jam,JA,29165,False,False
2026-07-11 02:27:32,29725,0,Tragedien,PC,220627164947730066,Nagoriyuki,NA,28365,True,False
2026-07-11 02:26:03,29635,0,Tragedien,PC,220627164947730066,Nagoriyuki,NA,28430,True,False
2026-07-11 02:19:31,29545,0,Zerofim,PC,240321120446879088,Bridget,BI,28190,True,False
2026-07-11 02:16:12,29435,0,Zerofim,PC,240321120446879088,Bridget,BI,28275,True,False
2026-07-11 02:11:04,29320,0,Rien,PC,260326014448675739,Happy Chaos,HA,31015,True,False
2026-07-11 02:09:34,29385,0,Rien,PC,260326014448675739,Happy Chaos,HA,30925,False,False
2026-07-11 02:06:27,29270,0,Rien,PC,260326014448675739,Happy Chaos,HA,31015,True,False
2026-07-11 02:03:48,29175,0,Jon,PC,211210173905471668,Robo-Ky,RK,30250,True,False
2026-07-11 02:01:27,29080,0,Jon,PC,211210173905471668,Robo-Ky,RK,30320,True,False
2026-07-11 01:58:07,28990,0,No Dayz Off,PC,210727014619810891,Chipp,CH,29005,True,False
2026-07-11 01:55:30,28880,0,No Dayz Off,PC,210727014619810891,Chipp,CH,29095,True,False
2026-07-11 01:51:53,28945,0,Rien,PC,260326014448675739,Happy Chaos,HA,30725,False,False
2026-07-11 01:49:25,29030,0,Rien,PC,260326014448675739,Happy Chaos,HA,30615,False,False
2026-07-11 01:47:01,28940,0,No Dayz Off,PC,210727014619810891,Chipp,CH,29165,True,False
2026-07-11 01:44:43,29010,0,No Dayz Off,PC,210727014619810891,Chipp,CH,29075,False,False
2026-07-11 01:41:43,28900,0,No Dayz Off,PC,210727014619810891,Chipp,CH,29165,True,False
2026-07-11 01:36:19,28790,0,No Dayz Off,PC,210727014619810891,Ky,KY,24995,True,False
2026-07-11 01:33:06,28855,0,Rien,PC,260326014448675739,Happy Chaos,HA,30125,False,False
2026-07-11 01:30:44,28740,0,Rien,PC,260326014448675739,Happy Chaos,HA,30215,True,False
2026-07-11 01:29:23,28825,0,Rien,PC,260326014448675739,Happy Chaos,HA,30105,False,False
2026-07-11 01:26:42,28735,0,Sebbus,PC,250826130034565142,Jam,JA,23810,True,False
2026-07-11 01:23:43,28625,0,Sebbus,PC,250826130034565142,Jam,JA,23880,True,False
2026-07-10 22:21:06,28515,0,Ikea Barber,PC,250803221552855152,Jam,JA,28235,True,False
2026-07-10 22:19:05,28315,0,Ikea Barber,PC,250803221552855152,Jam,JA,28325,True,False
2026-07-10 22:15:47,28225,0,Thanks Smile,PC,210611072650800750,Sol,SO,21240,True,False
2026-07-10 22:13:05,28115,0,Thanks Smile,PC,210611072650800750,Sol,SO,21300,True,False
2026-07-10 22:10:16,28025,0,Joj Valjeaj,PC,210626141523971637,Potemkin,PO,27460,True,False
2026-07-10 22:07:55,28095,0,Joj Valjeaj,PC,210626141523971637,Potemkin,PO,27370,False,False
2026-07-10 22:04:41,28005,0,Joj Valjeaj,PC,210626141523971637,Potemkin,PO,27440,True,False
2026-07-10 22:00:55,28075,0,Dr. Publix,PC,210915151036120826,Johnny,JN,25925,False,False
2026-07-10 21:58:16,28165,0,Dr. Publix,PC,210915151036120826,Johnny,JN,25805,False,False
2026-07-10 21:55:39,28235,0,Kazzy,PS,260622153201053631,Potemkin,PO,27150,False,False
2026-07-10 21:53:10,28325,0,Kazzy,PS,260622153201053631,Potemkin,PO,27035,False,False
2026-07-10 21:51:16,28215,0,Kazzy,PS,260622153201053631,Potemkin,PO,27120,True,False
2026-07-10 21:48:54,28285,0,Queen's Guard,PC,210709182641191484,Dizzy,DI,28290,False,False
2026-07-10 21:46:03,28195,0,Queen's Guard,PC,210709182641191484,Dizzy,DI,28360,True,False
2026-07-10 21:43:28,28265,0,Queen's Guard,PC,210709182641191484,Dizzy,DI,28270,False,False
2026-07-10 21:40:07,28175,0,Rauhnos,PC,210923015123480599,Ky,KY,28110,True,False
2026-07-10 21:37:43,28265,0,Rauhnos,PC,210923015123480599,Ky,KY,28000,False,False
2026-07-10 21:35:42,28155,0,Rauhnos,PC,210923015123480599,Ky,KY,28090,True,False
2026-07-10 21:32:37,28045,0,Kazzy,PS,260622153201053631,Potemkin,PO,27100,True,False
2026-07-10 21:27:53,27935,0,audiorep,PC,251130010246612094,Ky,KY,24510,True,False
2026-07-10 21:26:00,27825,0,audiorep,PC,251130010246612094,Ky,KY,24585,True,False
2026-07-10 21:23:13,27715,0,42ndPotato,PC,220901174811289398,Robo-Ky,RK,20675,True,False
2026-07-10 21:21:21,27625,0,42ndPotato,PC,220901174811289398,Robo-Ky,RK,20715,True,False
2026-07-10 21:18:10,27715,0,42ndPotato,PC,220901174811289398,Robo-Ky,RK,20570,False,False
2026-07-10 21:13:23,27625,0,!!Buff Asuka!!,PC,250506125651571821,Millia,MI,27365,True,False
2026-07-10 21:10:19,27515,0,audiorep,PC,251130010246612094,Ky,KY,24390,True,False
2026-07-10 21:08:09,27405,0,audiorep,PC,251130010246612094,Ky,KY,24470,True,False
2026-07-10 04:35:21,27295,0,lonki,PC,260604234722758780,Axl,AX,20705,True,False
2026-07-10 04:34:03,27185,0,lonki,PC,260604234722758780,Axl,AX,20765,True,False
2026-07-10 04:31:00,27075,0,Confile,XB,230407212811211505,Millia,MI,22950,True,False
2026-07-10 04:27:46,27145,0,Confile,XB,230407212811211505,Millia,MI,22840,False,False
2026-07-10 04:25:36,27035,0,Confile,XB,230407212811211505,Millia,MI,22910,True,False
2026-07-10 04:23:45,27125,0,Confile,XB,230407212811211505,Millia,MI,22780,False,False
2026-07-10 04:19:28,27035,0,Sta!N,PC,251226221249207096,Robo-Ky,RK,0,True,False
2026-07-10 04:16:39,26925,0,Sta!N,PC,251226221249207096,Robo-Ky,RK,0,True,False
2026-07-10 04:13:56,26815,0,No Dayz Off,PC,210727014619810891,Ky,KY,25080,True,False
2026-07-10 04:12:06,26905,0,No Dayz Off,PC,210727014619810891,Ky,KY,24965,False,False
2026-07-10 04:10:43,26815,0,No Dayz Off,PC,210727014619810891,Ky,KY,25030,True,False
2026-07-10 04:07:04,26725,0,Kyfeon,PC,240608152402134782,Ky,KY,26315,True,False
2026-07-10 04:04:41,26615,0,Kyfeon,PC,240608152402134782,Ky,KY,26405,True,False
2026-07-10 04:02:35,26685,0,Kyfeon,PC,240608152402134782,Ky,KY,26315,False,False
2026-07-10 03:58:59,26775,0,No Dayz Off,PC,210727014619810891,Ky,KY,24915,False,False
2026-07-10 03:56:56,26845,0,No Dayz Off,PC,210727014619810891,Ky,KY,24815,False,False
2026-07-09 23:35:37,26935,0,Kira02,PC,210706184911951744,Ramlethal,RA,22225,False,False
2026-07-09 23:34:05,27005,0,Kira02,PC,210706184911951744,Ramlethal,RA,22115,False,False
2026-07-09 23:31:02,27095,0,Squealing Piglet,XB,240207175226188418,Lucy,LU,25310,False,False
2026-07-09 23:28:57,27165,0,Squealing Piglet,XB,240207175226188418,Lucy,LU,25215,False,False
2026-07-09 23:24:05,27055,0,Zenovas,PS,210612155107250384,Venom,VE,20495,True,False
2026-07-09 23:21:55,26965,0,Zenovas,PS,210612155107250384,Venom,VE,20535,True,False
2026-07-09 23:18:49,26875,0,VioletEvergarden,XB,240722225824821678,I-No,IN,27330,True,False
2026-07-09 23:16:05,26785,0,VioletEvergarden,XB,240722225824821678,I-No,IN,27400,True,False
2026-07-09 23:12:00,26875,0,VioletEvergarden,XB,240722225824821678,I-No,IN,27290,False,False
2026-07-09 23:10:34,26965,0,VioletEvergarden,XB,240722225824821678,I-No,IN,27180,False,False
2026-07-09 23:09:03,26855,0,VioletEvergarden,XB,240722225824821678,I-No,IN,27270,True,False
2026-07-09 23:04:56,26945,0,GuiltyGreg25,PC,260418212722669963,Jam,JA,26675,False,False
2026-07-09 23:02:34,27035,0,PomegranateMimic,PC,260421114225145376,Potemkin,PO,24271,False,False
2026-07-09 23:01:16,26925,0,PomegranateMimic,PC,260421114225145376,Potemkin,PO,24351,True,False
2026-07-09 22:59:45,26995,0,PomegranateMimic,PC,260421114225145376,Potemkin,PO,24251,False,False
2026-07-09 22:51:50,26885,0,Ohoshka,PC,250929193516392484,Ky,KY,26585,True,False
2026-07-09 22:50:01,26775,0,Ohoshka,PC,250929193516392484,Ky,KY,26675,True,False
2026-07-09 22:48:19,26845,0,Ohoshka,PC,250929193516392484,Ky,KY,26585,False,False
2026-07-09 22:45:08,26735,0,Aranel,PC,230319225050060069,Unika,UN,24905,True,False
2026-07-09 22:43:39,26645,0,Aranel,PC,230319225050060069,Unika,UN,24970,True,False
2026-07-09 22:40:21,26555,0,s.s.p.,PC,220128213410108262,Leo,LE,25390,True,False
2026-07-09 22:38:13,26445,0,s.s.p.,PC,220128213410108262,Leo,LE,25480,True,False
2026-07-09 22:36:30,26515,0,s.s.p.,PC,220128213410108262,Leo,LE,25385,False,False
2026-07-09 22:33:27,26595,0,kaptain Arsch,PC,240629155449557244,Faust,FA,28820,False,False
2026-07-09 22:31:37,26655,0,kaptain Arsch,PC,240629155449557244,Faust,FA,28730,False,False
2026-07-09 22:28:25,26545,0,Ala23,PC,260607150344065344,Nagoriyuki,NA,0,True,False
2026-07-09 22:26:55,26435,0,Ala23,PC,260607150344065344,Nagoriyuki,NA,0,True,False
2026-07-09 22:24:34,26505,0,Sureyoucan,PC,210614154508045078,Baiken,BA,25800,False,False
2026-07-09 22:21:50,26415,0,Sureyoucan,PC,210614154508045078,Baiken,BA,25870,True,False
2026-07-09 22:18:51,26485,0,Sureyoucan,PC,210614154508045078,Baiken,BA,25780,False,False
2026-07-09 18:10:31,26375,0,#lol,PC,220701163718258327,Sol,SO,27215,True,False
2026-07-09 18:05:34,26285,0,FFolg,PC,220805211019842732,Baiken,BA,25040,True,False
2026-07-09 18:02:33,26175,0,FFolg,PC,220805211019842732,Baiken,BA,25125,True,False
2026-07-09 17:59:22,26245,0,TheTomas,PS,240516160350564947,Millia,MI,24815,False,False
2026-07-09 17:55:32,26135,0,Flandre Scarlet,PC,240904160852407225,Robo-Ky,RK,0,True,False
2026-07-09 17:52:09,26205,0,MrMatterzz,PC,210720102958388373,Jam,JA,24370,False,False
2026-07-09 17:47:54,26085,0,Maddoc,PC,250821211356744389,Anji,AN,28370,True,False
2026-07-09 17:44:37,26150,0,bijan,PS,250907193822656001,I-No,IN,27425,False,False
2026-07-09 17:41:39,26235,0,bijan,PS,250907193822656001,I-No,IN,27315,False,False
2026-07-09 17:39:50,26140,0,bijan,PS,250907193822656001,I-No,IN,27385,True,False
2026-07-09 17:35:13,26050,0,FFolg,PC,220805211019842732,Baiken,BA,25195,True,False
2026-07-09 17:32:11,26120,0,FFolg,PC,220805211019842732,Baiken,BA,25100,False,False
2026-07-09 17:29:34,26030,0,FFolg,PC,220805211019842732,Baiken,BA,25170,True,False
2026-07-09 17:25:51,25930,0,Cruzcampo,PC,210611072536793760,Elphelt,EL,28285,True,False
2026-07-09 17:24:04,25810,0,Cruzcampo,PC,210611072536793760,Elphelt,EL,28375,True,False
2026-07-09 17:22:40,25890,0,Cruzcampo,PC,210611072536793760,Elphelt,EL,28265,False,False
2026-07-09 17:19:59,25790,0,Mikulex,PC,221224222307420044,Baiken,BA,28270,True,False
2026-07-09 17:17:34,25670,0,Mikulex,PC,221224222307420044,Baiken,BA,28360,True,False
2026-07-08 15:27:09,25570,0,pipebomb,PS,221119170153850437,Robo-Ky,RK,27625,True,False
2026-07-08 15:24:42,25450,0,pipebomb,PS,221119170153850437,Robo-Ky,RK,27715,True,False
2026-07-08 15:20:34,25335,0,Zombie,PS,210607224313102378,Bridget,BI,26800,True,False
2026-07-08 15:19:13,25240,0,Zombie,PS,210607224313102378,Bridget,BI,26870,True,False
2026-07-08 15:17:01,25325,0,Zombie,PS,210607224313102378,Bridget,BI,26760,False,False
2026-07-08 15:14:16,25230,0,muru (мypy),PC,260530124552793589,Elphelt,EL,26440,True,False
2026-07-08 15:11:45,25115,0,muru (мypy),PC,260530124552793589,Elphelt,EL,26530,True,False
2026-07-08 15:09:57,25180,0,muru (мypy),PC,260530124552793589,Elphelt,EL,26440,False,False
2026-07-08 15:07:15,25070,0,Gasmask,PC,220829125700505193,Robo-Ky,RK,25290,True,False
2026-07-08 15:05:27,24960,0,Gasmask,PC,220829125700505193,Robo-Ky,RK,25380,True,False
2026-07-08 03:22:51,24850,0,Trash,PC,250704181700073826,Johnny,JN,18860,True,False
2026-07-08 03:21:33,24920,0,Trash,PC,250704181700073826,Johnny,JN,18740,False,False
2026-07-08 03:19:10,24810,0,Trash,PC,250704181700073826,Johnny,JN,18800,True,False
2026-07-08 03:15:59,24860,0,LCG|monnter,PC,251115231512332067,Robo-Ky,RK,33580,False,False
2026-07-08 03:13:45,24890,0,LCG|monnter,PC,251115231512332067,Robo-Ky,RK,33490,False,False
2026-07-08 03:05:47,24790,0,DemonSpud,PC,210611133057285648,Robo-Ky,RK,26805,True,False
2026-07-08 03:02:45,24700,0,killVmaim,PC,260420224809961272,Johnny,JN,24525,True,False
2026-07-08 03:00:08,24770,0,killVmaim,PC,260420224809961272,Johnny,JN,24435,False,False
2026-07-08 02:57:50,24680,0,killVmaim,PC,260420224809961272,Johnny,JN,24505,True,False
2026-07-08 02:54:04,24735,0,Horikawa,PC,240724102223695938,Jack-O',JC,31945,False,False
2026-07-08 02:51:37,24615,0,DemonSpud,PC,210611133057285648,Robo-Ky,RK,26715,True,False
2026-07-08 02:49:44,24495,0,DemonSpud,PC,210611133057285648,Robo-Ky,RK,26805,True,False
2026-07-08 02:47:53,24575,0,DemonSpud,PC,210611133057285648,Robo-Ky,RK,26695,False,False
2026-07-08 02:45:23,24395,0,Starina,PC,260220151044602287,Lucy,LU,22510,True,False
2026-07-08 02:43:03,24305,0,Starina,PC,260220151044602287,Lucy,LU,22575,True,False
2026-07-08 02:39:43,24190,0,Ren,PC,230522163247820965,Jam,JA,26090,True,False
2026-07-08 02:37:48,24255,0,Ren,PC,230522163247820965,Jam,JA,26000,False,False
2026-07-08 02:34:42,24140,0,Ren,PC,230522163247820965,Jam,JA,26090,True,False
2026-07-08 02:30:53,24050,0,hahafunnymmorpg,PC,251121185834101291,Jam,JA,16915,True,False
2026-07-08 02:28:20,23960,0,hahafunnymmorpg,PC,251121185834101291,Jam,JA,16950,True,False
2026-07-08 02:24:34,23850,0,RamSweatLicker,PS,260419215912181447,Baiken,BA,21180,True,False
2026-07-08 02:21:08,23760,0,RamSweatLicker,PS,260419215912181447,Baiken,BA,21240,True,False
2026-07-08 02:18:26,23650,0,RamSweatLicker,PS,260419215912181447,Baiken,BA,21320,True,False
2026-07-08 02:15:00,23540,0,Drive,PC,241024174544209734,Happy Chaos,HA,22955,True,False
2026-07-08 02:13:40,23430,0,Drive,PC,241024174544209734,Happy Chaos,HA,23045,True,False
2026-07-08 02:10:37,23305,0,Scarlett,PC,230301135556287526,Jam,JA,26480,True,False
2026-07-08 02:08:47,23200,0,Scarlett,PC,230301135556287526,Jam,JA,26550,True,False
2026-07-08 02:04:36,23110,0,H147U5,PC,220610152838489913,Sol,SO,22830,True,False
2026-07-08 02:02:14,23020,0,H147U5,PC,220610152838489913,Sol,SO,22900,True,False
2026-07-07 21:12:15,22910,0,GHOSTY,PC,251018162428261165,Elphelt,EL,21350,True,False
2026-07-07 21:10:30,22800,0,GHOSTY,PC,251018162428261165,Elphelt,EL,21435,True,False
2026-07-07 21:08:23,22710,0,KurakeOsoru,PC,240722065807254244,Lucy,LU,22800,True,False
2026-07-07 21:05:57,22620,0,KurakeOsoru,PC,240722065807254244,Lucy,LU,22870,True,False
2026-07-07 21:02:40,22690,0,GHOSTY,PC,251018162428261165,Elphelt,EL,21120,False,False
2026-07-07 21:00:34,22760,0,GHOSTY,PC,251018162428261165,Elphelt,EL,21025,False,False
2026-07-07 20:56:52,22850,0,Koshara,PC,250802151838116139,Testament,TE,21460,False,False
2026-07-07 20:55:36,22940,0,Koshara,PC,250802151838116139,Testament,TE,21345,False,False
2026-07-07 20:53:35,22850,0,EXPUNGED,PC,210611173440345558,Ky,KY,20630,True,False
2026-07-07 20:50:55,22760,0,EXPUNGED,PC,210611173440345558,Ky,KY,20690,True,False
2026-07-07 20:47:48,22850,0,No life,PC,231210182356624004,Asuka,AS,22920,False,False
2026-07-07 20:45:37,22940,0,No life,PC,231210182356624004,Asuka,AS,22810,False,False
2026-07-07 20:44:17,22850,0,No life,PC,231210182356624004,Asuka,AS,22880,True,False
2026-07-07 20:40:17,22740,0,mike,PC,210611103042113516,Sol,SO,19685,True,False
2026-07-07 20:38:48,22630,0,mike,PC,210611103042113516,Sol,SO,19765,True,False
2026-07-07 20:36:13,22720,0,Gerb,PS,260703202351765798,Jack-O',JC,21165,False,False
2026-07-07 20:34:35,22790,0,Gerb,PS,260703202351765798,Jack-O',JC,21070,False,False
2026-07-07 20:31:40,22700,0,Gerb,PS,260703202351765798,Jack-O',JC,21135,True,False
2026-07-07 20:28:40,22770,0,Physical games,PS,230322222608635167,Testament,TE,21045,False,False
2026-07-07 20:25:28,22660,0,him,PC,230824112541049185,Slayer,SL,22245,True,False
2026-07-07 20:23:50,22550,0,him,PC,230824112541049185,Slayer,SL,22335,True,False
2026-07-07 20:21:21,22640,0,Gerb,PS,260703202351765798,Jack-O',JC,21130,False,False
2026-07-07 20:19:12,22730,0,Gerb,PS,260703202351765798,Jack-O',JC,21015,False,False
2026-07-07 20:16:58,22620,0,Gerb,PS,260703202351765798,Jack-O',JC,21100,True,False
2026-07-07 20:11:55,22530,0,GG Player,PC,210612104718504721,Robo-Ky,RK,21710,True,False
2026-07-07 20:09:27,22420,0,GG Player,PC,210612104718504721,Robo-Ky,RK,21800,True,False
2026-07-07 20:06:59,22310,0,Schiru,PC,240318001402174791,Nagoriyuki,NA,18325,True,False
2026-07-07 20:05:31,22220,0,Schiru,PC,240318001402174791,Nagoriyuki,NA,18380,True,False
2026-07-07 20:03:20,22310,0,Schiru,PC,240318001402174791,Nagoriyuki,NA,18250,False,False
2026-07-06 23:32:06,22200,0,Traveler,PC,251020200758745602,Jack-O',JC,21685,True,False
2026-07-06 23:29:19,22110,0,saucy,PC,250517201615073196,Testament,TE,20825,True,False
2026-07-06 23:26:51,22000,0,saucy,PC,250517201615073196,Testament,TE,20910,True,False
2026-07-06 23:24:15,21880,0,Arkhevist,PC,250801092359323381,Testament,TE,24775,True,False
2026-07-06 23:22:04,21960,0,Arkhevist,PC,250801092359323381,Testament,TE,24665,False,False
2026-07-06 23:20:09,21840,0,Arkhevist,PC,250801092359323381,Testament,TE,24755,True,False
2026-07-06 23:16:02,21720,0,Auri,PC,210611122342574821,Millia,MI,24285,True,False
2026-07-06 23:14:25,21600,0,Auri,PC,210611122342574821,Millia,MI,24375,True,False
2026-07-06 23:12:52,21660,0,Auri,PC,210611122342574821,Millia,MI,24285,False,False
2026-07-06 23:05:59,21440,0,KurKKo,PC,241202142107194751,Baiken,BA,21120,True,False
2026-07-06 23:03:49,21330,0,KurKKo,PC,241202142107194751,Baiken,BA,21210,True,False
2026-07-06 23:00:58,21215,0,MikeTroller,PC,230824133656953383,Robo-Ky,RK,23205,True,False
2026-07-06 22:59:19,21095,0,MikeTroller,PC,230824133656953383,Robo-Ky,RK,23295,True,False
2026-07-06 22:55:57,21155,0,BabyOilStash,PC,260703182314753227,Axl,AX,23305,False,False
2026-07-06 22:53:49,21215,0,BabyOilStash,PC,260703182314753227,Axl,AX,23215,False,False
2026-07-06 22:50:52,21105,0,YumiCookie,PC,260322180219295816,Venom,VE,20735,True,False
2026-07-06 22:48:35,20995,0,YumiCookie,PC,260322180219295816,Venom,VE,20825,True,False
2026-07-06 22:46:06,21085,0,YumiCookie,PC,260322180219295816,Venom,VE,20715,False,False
2026-07-06 22:43:33,21155,0,EXPUNGED,PC,210611173440345558,Ky,KY,20980,False,False
2026-07-06 22:40:18,21245,0,EXPUNGED,PC,210611173440345558,Ky,KY,20870,False,False
2026-07-06 22:35:31,21150,0,mingo,PC,230401193604004587,Baiken,BA,22540,True,False
2026-07-06 22:32:40,21055,0,mingo,PC,230401193604004587,Baiken,BA,22610,True,False
2026-07-06 22:29:51,21115,0,ThirstyGoose,PC,240529184058166232,Ky,KY,23350,False,False
2026-07-06 22:27:02,21195,0,ThirstyGoose,PC,240529184058166232,Ky,KY,23240,False,False
2026-07-06 22:24:16,21105,0,RQ if may theme,PS,210607220612921508,Johnny,JN,21340,True,False
2026-07-06 22:21:14,20995,0,RQ if may theme,PS,210607220612921508,Johnny,JN,21430,True,False
2026-07-06 22:19:03,21085,0,RQ if may theme,PS,210607220612921508,Johnny,JN,21320,False,False
2026-07-06 22:16:33,20975,0,JPeso,PC,260322222013242161,Baiken,BA,21850,True,False
2026-07-06 22:14:26,20880,0,JPeso,PC,260322222013242161,Baiken,BA,21920,True,False
2026-07-06 22:11:25,20935,0,Simplegzor,PC,250404215618702469,Giovanna,GI,24500,False,False
2026-07-06 22:09:18,20990,0,Simplegzor,PC,250404215618702469,Giovanna,GI,24320,False,False
2026-07-06 22:06:15,20890,0,buhyMao,PC,260411130317204088,Nagoriyuki,NA,22965,True,False
2026-07-06 22:04:06,20770,0,buhyMao,PC,260411130317204088,Nagoriyuki,NA,23055,True,False
2026-07-06 22:01:51,20855,0,CASEY,PC,250708214005068952,Lucy,LU,21910,False,False
2026-07-06 22:00:01,20945,0,CASEY,PC,250708214005068952,Lucy,LU,21800,False,False
2026-07-06 21:57:54,20850,0,CASEY,PC,250708214005068952,Lucy,LU,21870,True,False
2026-07-06 21:54:28,20930,0,QuinaQuen,XB,230308215421537363,Zato-1,ZA,23595,False,False
2026-07-06 21:52:33,20990,0,QuinaQuen,XB,230308215421537363,Zato-1,ZA,23505,False,False
2026-07-06 21:50:00,20870,0,QuinaQuen,XB,230308215421537363,Zato-1,ZA,23595,True,False
2026-07-04 21:39:44,20780,0,Ross_Asher,PC,250522154848165293,Bridget,BI,21060,True,False
2026-07-04 21:35:33,20835,0,noow33,PC,250627101820795433,Anji,AN,24715,False,False
2026-07-04 21:31:59,20910,0,noow33,PC,250627101820795433,Anji,AN,24605,False,False
2026-07-04 21:29:25,20950,0,DUWANG,PC,210611084200648718,Robo-Ky,RK,0,False,False
2026-07-04 21:26:27,21020,0,DUWANG,PC,210611084200648718,Robo-Ky,RK,0,False,False
2026-07-04 21:23:16,20895,0,DUWANG,PC,210611084200648718,Robo-Ky,RK,0,True,False
2026-07-04 21:20:58,20785,0,Raiden69_,PC,230807102517881645,Robo-Ky,RK,0,True,False
2026-07-04 21:19:24,20675,0,Raiden69_,PC,230807102517881645,Robo-Ky,RK,0,True,False
2026-07-04 21:17:05,20765,0,GarDis,PC,210611131405691647,Robo-Ky,RK,19220,False,False
2026-07-04 21:15:26,20855,0,GarDis,PC,210611131405691647,Robo-Ky,RK,19105,False,False
2026-07-04 21:13:52,20155,0,GarDis,PC,210611131405691647,Robo-Ky,RK,19195,True,False
2026-07-04 21:10:50,19665,0,Monty Mole,PC,230126163834683399,Potemkin,PO,18190,True,False
2026-07-04 21:07:51,19250,0,Maratilius,PC,241230195710041514,Ramlethal,RA,20355,True,False
2026-07-04 21:05:12,18910,0,Shora ButtBuster,PC,230813203527255213,May,MA,0,True,False
2026-07-04 21:02:43,18600,0,Shora ButtBuster,PC,230813203527255213,May,MA,0,True,False
2026-07-04 21:00:21,18350,0,Bubla,PC,260317092038960112,Ky,KY,20740,True,False
2026-07-04 20:57:48,18130,0,Bubla,PC,260317092038960112,Ky,KY,20830,True,False
2026-07-04 20:54:52,17900,0,Frank Foobar,PC,210611113823041239,Potemkin,PO,16050,True,False
2026-07-04 20:52:22,17810,0,Frank Foobar,PC,210611113823041239,Potemkin,PO,16115,True,False
2026-07-04 20:49:34,17720,0,PastaPaste,PC,220811222606950267,Robo-Ky,RK,15860,True,False
2026-07-04 20:46:59,17810,0,PastaPaste,PC,220811222606950267,Robo-Ky,RK,15740,False,False
2026-07-04 20:45:18,17400,0,PastaPaste,PC,220811222606950267,Robo-Ky,RK,15825,True,False
2026-07-04 20:42:46,17025,0,Poulpos,PC,260412150857049486,Millia,MI,20205,True,False
2026-07-04 20:40:33,16715,0,Strait Face,PC,210611170709764937,Faust,FA,0,True,False
2026-07-04 20:37:50,16455,0,Strait Face,PC,210611170709764937,Faust,FA,0,True,False
2026-07-04 20:34:07,16245,0,WhateverName,PC,220810173838004347,Robo-Ky,RK,16495,True,False
2026-07-04 20:32:51,16105,0,WhateverName,PC,220810173838004347,Robo-Ky,RK,16565,True,False
2026-07-04 20:29:55,15995,0,Rosenkreuzia,PC,230905114617647148,Ky,KY,16805,True,False
2026-07-04 20:28:14,15880,0,Rosenkreuzia,PC,230905114617647148,Ky,KY,16895,True,False
2026-07-04 20:26:31,15970,0,Rosenkreuzia,PC,230905114617647148,Ky,KY,16385,False,False
2026-07-04 20:23:38,15880,0,WhateverName,PC,220810173838004347,Robo-Ky,RK,16525,True,False
2026-07-04 20:21:23,15970,0,WhateverName,PC,220810173838004347,Robo-Ky,RK,16415,False,False
2026-07-04 20:19:37,15880,0,WhateverName,PC,220810173838004347,Robo-Ky,RK,16485,True,False
2026-07-04 20:15:38,15770,0,liborisvit,PC,260509121343207021,Slayer,SL,0,True,False
2026-07-04 20:13:38,15840,0,FraeBae,PC,241226193655944035,Baiken,BA,13520,False,False
2026-07-04 20:10:55,15910,0,FraeBae,PC,241226193655944035,Baiken,BA,13420,False,False
2026-07-04 20:07:40,16000,0,Peasant Lord,PC,241201000855676693,Venom,VE,16970,False,False
2026-07-04 20:05:59,15885,0,Peasant Lord,PC,241201000855676693,Venom,VE,17060,True,False
2026-07-04 20:04:29,15975,0,Peasant Lord,PC,241201000855676693,Venom,VE,16950,False,False
2026-07-04 20:01:55,16045,0,oDieD,PC,210620172256932689,Robo-Ky,RK,13510,False,False
2026-07-04 19:57:33,16115,0,oDieD,PC,210620172256932689,Robo-Ky,RK,13410,False,False
2026-07-04 19:57:25,15975,0,oDieD,PC,210620172256932689,Robo-Ky,RK,13470,True,False
2026-05-12 07:20:02,15885,0,THATguy,PC,210825190248579240,Zato-1,ZA,13200,True,False
2026-05-12 07:17:24,15775,0,THATguy,PC,210825190248579240,Zato-1,ZA,0,True,False
2026-05-12 07:14:54,15845,0,THATguy,PC,210825190248579240,Zato-1,ZA,0,False,False
2026-05-12 07:08:46,15755,0, lucky noob ,XB,230703224228396590,Nagoriyuki,NA,13540,True,False
2026-05-12 07:06:53,15665,0, lucky noob ,XB,230703224228396590,Nagoriyuki,NA,13600,True,False
2026-05-12 07:04:06,15755,0, lucky noob ,XB,230703224228396590,Nagoriyuki,NA,13480,False,False
2026-05-12 07:01:13,15790,0,K-NONE,PC,250321101214826295,May,MA,23280,False,False
2026-05-12 06:58:57,15665,0,K-NONE,PC,250321101214826295,May,MA,23350,True,False
2026-05-12 06:55:50,15700,0,K-NONE,PC,250321101214826295,May,MA,23260,False,False
2026-05-12 06:51:42,15610,0,govnoed148,PC,210620152809867152,Anji,AN,15390,True,False
2026-05-12 06:49:10,15700,0,govnoed148,PC,210620152809867152,Anji,AN,15280,False,False
2026-05-12 06:46:32,15520,0,govnoed148,PC,210620152809867152,Anji,AN,15350,True,False
2026-05-12 06:42:39,15610,0,Crayfish,PC,251215101557384357,Ky,KY,0,False,False
2026-05-12 06:40:55,15700,0,Crayfish,PC,251215101557384357,Ky,KY,0,False,False
2026-05-12 06:38:19,15750,0,Kayfat,PC,250503195101240891,Jam,JA,20105,False,False
2026-05-12 06:35:37,15530,0,Kayfat,PC,250503195101240891,Jam,JA,20195,True,False
2026-05-12 06:33:41,15600,0,Kayfat,PC,250503195101240891,Jam,JA,20085,False,False
2026-05-12 06:31:16,0,0,CoolerJosh,XB,231222125318096593,Venom,VE,21235,False,False
2026-05-12 06:29:10,0,0,CoolerJosh,XB,231222125318096593,Venom,VE,21125,False,False
2026-05-12 06:25:09,0,0,Zebarnumaldax,PC,210615185933269544,Baiken,BA,33475,False,False
2026-05-12 06:22:03,0,0,MartinUrsuletul,PC,241001195156930094,Axl,AX,23035,True,False
2026-05-12 06:19:26,0,0,Kayfat,PC,250503195101240891,Jam,JA,20155,True,False
2026-05-12 06:17:03,0,0,Kayfat,PC,250503195101240891,Jam,JA,20245,True,False
2026-05-12 06:15:11,0,0,Kayfat,PC,250503195101240891,Jam,JA,20155,False,False
2026-05-12 06:11:32,0,0,l3l3NA,PC,211210031008276999,Baiken,BA,20720,False,False
2026-05-12 06:08:25,0,0,l3l3NA,PC,211210031008276999,Baiken,BA,20595,False,False
2026-05-12 06:05:55,0,0,BolleTito,PC,240803013126357381,Faust,FA,22220,True,False
