timestamp,own_rating_value,opponent_name,opponent_character,opponent_character_short,opponent_rating_value,result_win
2026-08-05 00:28:44,36935,Ryn :D,Sin,SI,37205,True
2026-08-05 00:24:26,36845,Phil,A.B.A.,AB,36265,True
2026-08-05 00:21:20,36755,Phil,A.B.A.,AB,36335,True
2026-08-05 00:17:26,36665,Ryn :D,Sin,SI,37455,True
2026-08-05 00:14:49,36755,Ryn :D,Sin,SI,37345,False
2026-08-05 00:12:54,36665,Ryn :D,Sin,SI,37415,True
2026-08-05 00:09:02,36750,Maki,Potemkin,PO,37835,False
2026-08-05 00:06:25,36820,Phil,A.B.A.,AB,36245,False
2026-08-05 00:03:37,36710,Phil,A.B.A.,AB,36335,True
2026-08-05 00:01:57,36800,Phil,A.B.A.,AB,36225,False
2026-08-04 23:58:21,36710,NOVAKAN,A.B.A.,AB,32445,True
2026-08-04 23:55:04,36530,NOVAKAN,A.B.A.,AB,32495,True
2026-08-04 23:51:38,36440,PastaPaste,Goldlewis,GO,28530,True
2026-08-04 23:48:51,36330,PastaPaste,Goldlewis,GO,28585,True
2026-08-04 17:22:55,36400,BM9ITIHA,Jam,JA,28845,False
2026-08-04 17:20:27,36290,BM9ITIHA,Jam,JA,28900,True
2026-08-04 17:18:50,36380,BM9ITIHA,Jam,JA,28755,False
2026-08-04 17:16:13,36290,TTT | Teppo,Testament,TE,33485,True
2026-08-04 17:13:51,36360,TTT | Teppo,Testament,TE,33385,False
2026-08-04 17:11:25,36250,TTT | Teppo,Testament,TE,33465,True
2026-08-04 17:08:06,36325,Madara,Lucy,LU,39570,False
2026-08-04 17:06:01,36400,Madara,Lucy,LU,39460,False
2026-08-04 17:03:18,36490,EnnuiBringer,Robo-Ky,RK,36485,False
2026-08-04 17:01:36,36580,EnnuiBringer,Robo-Ky,RK,36375,False
2026-08-04 16:58:38,36470,God of Failure,Anji,AN,32885,True
2026-08-04 16:56:42,36360,God of Failure,Anji,AN,32960,True
2026-08-04 16:54:54,36450,God of Failure,Anji,AN,32835,False
2026-08-04 16:51:52,36360,Declonius,Baiken,BA,33725,True
2026-08-04 16:49:26,36250,Declonius,Baiken,BA,33805,True
2026-08-02 17:08:11,36160,Pufi,Jam,JA,35710,True
2026-08-02 17:05:33,36070,Pufi,Jam,JA,35780,True
2026-08-02 17:02:21,35980,I FCK HATE DIZZY,Anji,AN,34555,True
2026-08-02 16:59:33,35870,I FCK HATE DIZZY,Anji,AN,34640,True
2026-08-02 16:57:40,35940,I FCK HATE DIZZY,Anji,AN,34545,False
2026-08-02 16:54:17,36030,KomiYouko,Dizzy,DI,33960,False
2026-08-02 16:52:01,35940,KomiYouko,Dizzy,DI,34025,True
2026-08-02 16:49:06,36010,KomiYouko,Dizzy,DI,33925,False
2026-08-02 16:45:33,36100,redder876,Giovanna,GI,36150,False
2026-08-02 16:44:01,36170,redder876,Giovanna,GI,36060,False
2026-08-02 16:40:56,36060,AbdoDoo,Jam,JA,35785,True
2026-08-02 16:39:13,36130,AbdoDoo,Jam,JA,35695,False
2026-08-02 16:36:15,36020,AbdoDoo,Jam,JA,35785,True
2026-08-02 16:32:52,35920,Supierre,Robo-Ky,RK,38030,True
2026-08-02 16:30:20,35820,Supierre,Robo-Ky,RK,38100,True
2026-08-02 16:28:26,35880,Supierre,Robo-Ky,RK,38010,False
2026-08-02 16:24:46,35770,SPK,Unika,UN,24920,True
2026-08-02 16:23:20,35680,SPK,Unika,UN,24940,True
2026-08-02 16:19:54,35750,Einhelm,Ky,KY,36465,False
2026-08-02 16:17:54,35820,Einhelm,Ky,KY,36375,False
2026-08-02 16:13:48,35890,I FCK HATE DIZZY,Anji,AN,34360,False
2026-08-02 16:10:47,35960,I FCK HATE DIZZY,Anji,AN,34265,False
2026-08-02 16:03:44,36050,BUUFINHO,Jam,JA,32635,False
2026-08-02 16:02:25,35940,Specter,Testament,TE,32845,True
2026-08-02 16:00:31,35830,Specter,Testament,TE,32925,True
2026-08-02 15:57:00,35900,discord-ramen_50,Axl,AX,34820,False
2026-08-02 15:51:54,36080,I FCK HATE DIZZY,Anji,AN,33825,False
2026-08-02 15:50:12,35970,I FCK HATE DIZZY,Anji,AN,33905,True
2026-08-02 15:48:41,36060,I FCK HATE DIZZY,Anji,AN,33785,False
2026-08-02 15:45:55,36130,Czaszka63,Nagoriyuki,NA,35900,False
2026-08-02 15:43:38,36020,Czaszka63,Nagoriyuki,NA,35990,True
2026-08-02 15:41:57,36110,Czaszka63,Nagoriyuki,NA,35880,False
2026-08-02 15:39:18,36180,I FCK HATE DIZZY,Anji,AN,33845,False
2026-08-02 15:36:16,36270,I FCK HATE DIZZY,Anji,AN,33725,False
2026-08-02 15:31:27,36160,GG IHROk,Jack-O',JC,33150,True
2026-08-02 15:30:11,36070,GG IHROk,Jack-O',JC,33210,True
2026-08-02 15:27:59,36140,GG IHROk,Jack-O',JC,33105,False
2026-08-02 15:24:22,36025,NiloticusV,Bedman?,BE,37870,True
2026-08-02 15:21:52,35925,NiloticusV,Bedman?,BE,37940,True
2026-08-02 15:18:13,35995,Meruem,Ramlethal,RA,33505,False
2026-08-02 15:16:13,36085,Meruem,Ramlethal,RA,33385,False
2026-08-02 04:45:29,36155,AcidSoda,Ramlethal,RA,36940,False
2026-08-02 04:42:59,36225,AcidSoda,Ramlethal,RA,36850,False
2026-08-02 04:40:09,36135,AcidSoda,Ramlethal,RA,36920,True
2026-08-02 04:36:23,36045,Nightflaid,Happy Chaos,HA,34245,True
2026-08-02 04:33:58,35955,Nightflaid,Happy Chaos,HA,34310,True
2026-08-02 04:30:51,36045,GekirinFirstMove,Jam,JA,29370,False
2026-08-02 04:27:42,35935,Nightflaid,Happy Chaos,HA,34395,True
2026-08-02 04:26:17,35845,Nightflaid,Happy Chaos,HA,34460,True
2026-08-02 04:21:45,35755,Nightflaid,Happy Chaos,HA,34525,True
2026-08-02 04:19:14,35645,Nightflaid,Happy Chaos,HA,34610,True
2026-08-02 04:16:38,35555,Sayan228,Sol,SO,35850,True
2026-08-02 04:13:50,35445,Sayan228,Sol,SO,35940,True
2026-08-02 04:11:54,35515,Sayan228,Sol,SO,35850,False
2026-08-01 21:36:05,35405,ASPEKT,Baiken,BA,33170,True
2026-08-01 21:32:52,35295,SlimeDollaz,Unika,UN,32745,True
2026-08-01 21:31:55,35185,SlimeDollaz,Unika,UN,32825,True
2026-08-01 21:28:48,35095,GG IHROk,Jack-O',JC,32885,True
2026-08-01 21:26:03,34985,GG IHROk,Jack-O',JC,32965,True
2026-08-01 21:23:09,34895,fhiccboi,Elphelt,EL,35555,True
2026-08-01 21:20:48,34805,fhiccboi,Elphelt,EL,35625,True
2026-08-01 21:16:37,34895,fhiccboi,Elphelt,EL,35515,False
2026-08-01 21:14:43,34985,fhiccboi,Elphelt,EL,35405,False
2026-08-01 21:12:49,34875,fhiccboi,Elphelt,EL,35495,True
2026-08-01 21:10:22,34965,iceFOX,Robo-Ky,RK,34375,False
2026-08-01 21:08:50,35055,iceFOX,Robo-Ky,RK,34265,False
2026-08-01 21:03:28,35120,Jurgen cool,Johnny,JN,36730,False
2026-08-01 21:03:06,35205,Jurgen cool,Johnny,JN,36530,False
2026-08-01 21:00:23,35275,GG IHROk,Jack-O',JC,32890,False
2026-08-01 20:58:03,35365,GG IHROk,Jack-O',JC,32770,False
2026-08-01 20:56:28,35275,GG IHROk,Jack-O',JC,32830,True
2026-08-01 20:53:08,35165,iceFOX,Robo-Ky,RK,34300,True
2026-08-01 20:51:24,35075,iceFOX,Robo-Ky,RK,34370,True
2026-08-01 20:48:17,35145,iceFOX,Robo-Ky,RK,34280,False
2026-08-01 20:45:04,35035,Grrkek,Johnny,JN,33425,True
2026-08-01 20:43:19,35125,Grrkek,Johnny,JN,33310,False
2026-08-01 20:41:29,35015,Grrkek,Johnny,JN,33395,True
2026-08-01 20:37:58,35105,KappaChungus11,Ky,KY,32675,False
2026-08-01 20:36:17,35195,KappaChungus11,Ky,KY,32555,False
2026-08-01 20:33:42,35105,desungle,Baiken,BA,33650,True
2026-08-01 20:31:17,34995,desungle,Baiken,BA,33735,True
2026-08-01 20:29:53,35065,desungle,Baiken,BA,33640,False
2026-08-01 20:26:40,35135,0peMs,Zato-1,ZA,35315,False
2026-08-01 20:23:22,35225,0peMs,Zato-1,ZA,35205,False
2026-08-01 15:48:13,35115,wsaderGG,Faust,FA,33910,True
2026-08-01 15:46:10,35005,wsaderGG,Faust,FA,33995,True
2026-08-01 15:43:29,35095,0peMs,Zato-1,ZA,34510,False
2026-08-01 15:40:37,34995,Voidwheel,Ky,KY,37305,True
2026-08-01 15:37:28,35075,Voidwheel,Ky,KY,37195,False
2026-08-01 15:35:28,34975,Voidwheel,Ky,KY,37265,True
2026-08-01 15:31:15,35040,RyoYamadaIRL,Elphelt,EL,36545,False
2026-08-01 15:29:08,35105,RyoYamadaIRL,Elphelt,EL,36455,False
2026-08-01 15:25:40,34995,Clovercri.tv,Bridget,BI,30960,True
2026-08-01 15:24:01,34905,Clovercri.tv,Bridget,BI,31015,True
2026-08-01 15:20:20,34990,RyoYamadaIRL,Elphelt,EL,36235,False
2026-08-01 15:18:36,34895,RyoYamadaIRL,Elphelt,EL,36305,True
2026-08-01 15:16:20,34980,RyoYamadaIRL,Elphelt,EL,36195,False
2026-08-01 15:13:56,35070,0peMs,Zato-1,ZA,34025,False
2026-08-01 15:11:52,35160,0peMs,Zato-1,ZA,33910,False
2026-08-01 15:07:51,35070,Menace,Millia,MI,31110,True
2026-08-01 15:05:13,34960,Menace,Millia,MI,31185,True
2026-08-01 15:02:17,35020,634x023336,Elphelt,EL,41325,False
2026-08-01 15:00:04,35080,634x023336,Elphelt,EL,41215,False
2026-08-01 14:55:57,34990,DbFighter,Ky,KY,34415,True
2026-08-01 14:53:45,34900,DbFighter,Ky,KY,34485,True
2026-08-01 14:50:47,34970,DbFighter,Ky,KY,34395,False
2026-08-01 14:47:02,35060,shoegazer,Baiken,BA,35875,False
2026-08-01 14:45:41,34970,shoegazer,Baiken,BA,35945,True
2026-08-01 14:43:16,35040,shoegazer,Baiken,BA,35855,False
2026-08-01 14:39:19,34930,RedLine,Ramlethal,RA,33035,True
2026-08-01 14:37:07,34840,RedLine,Ramlethal,RA,33100,True
2026-08-01 14:33:16,34910,RedLine,Ramlethal,RA,33005,False
2026-08-01 14:26:13,34820,McKnees,Nagoriyuki,NA,32335,True
2026-08-01 14:23:39,34710,McKnees,Nagoriyuki,NA,32415,True
2026-08-01 14:17:13,34780,Limic,May,MA,34570,False
2026-08-01 14:13:20,34870,Scarbingle,May,MA,33460,False
2026-08-01 14:12:06,34940,Scarbingle,May,MA,33365,False
2026-08-01 14:09:20,35030,Limic,May,MA,34525,False
2026-08-01 14:00:51,34935,五,Dizzy,DI,36070,True
2026-08-01 13:58:23,34840,五,Dizzy,DI,36140,True
2026-08-01 13:55:42,34925,五,Dizzy,DI,36030,False
2026-07-27 00:42:15,34810,Souma,Ky,KY,40350,True
2026-07-27 00:39:35,34675,Souma,Ky,KY,40440,True
2026-07-27 00:36:42,34565,Pimpest,Leo,LE,32900,True
2026-07-27 00:35:03,34455,Pimpest,Leo,LE,32985,True
2026-07-27 00:33:34,34525,Pimpest,Leo,LE,32890,False
2026-07-27 00:27:22,34605,Low Tier Sahur,Bridget,BI,37375,False
2026-07-27 00:25:09,34505,Low Tier Sahur,Bridget,BI,37445,True
2026-07-27 00:23:04,34565,Low Tier Sahur,Bridget,BI,37355,False
2026-07-27 00:18:53,34635,Kuniklo,Jack-O',JC,33010,False
2026-07-27 00:13:54,34725,Verdict,Johnny,JN,32570,False
2026-07-27 00:12:05,34795,Verdict,Johnny,JN,32380,False
2026-07-27 00:07:53,34685,LIMBO,Sol,SO,33880,True
2026-07-27 00:06:20,34595,LIMBO,Sol,SO,33950,True
2026-07-27 00:02:15,34485,Pimpest,Leo,LE,32775,True
2026-07-27 00:00:50,34375,Pimpest,Leo,LE,32860,True
2026-07-26 23:58:10,34230,Deathbug,May,MA,42105,True
2026-07-26 23:56:28,34100,Deathbug,May,MA,42175,True
2026-07-26 23:53:59,34135,Deathbug,May,MA,42085,False
2026-07-26 23:50:09,34175,techsupport,Bridget,BI,44175,False
2026-07-26 23:48:03,34200,techsupport,Bridget,BI,44085,False
2026-07-26 23:44:09,34255,Deathbug,May,MA,42135,False
2026-07-26 23:42:40,34290,Deathbug,May,MA,42045,False
2026-07-26 23:33:45,34200,Messire Macfloup,Sol,SO,32865,True
2026-07-26 23:30:39,34090,Messire Macfloup,Sol,SO,32950,True
2026-07-26 23:27:56,33980,Magic Twink,Asuka,AS,31730,True
2026-07-26 23:25:47,33890,Magic Twink,Asuka,AS,31790,True
2026-07-26 23:20:35,33980,Ser,Testament,TE,33795,False
2026-07-26 23:19:04,34070,Ser,Testament,TE,33685,False
2026-07-26 23:16:27,33980,LIMBO,Sol,SO,34460,True
2026-07-26 23:13:42,33870,LIMBO,Sol,SO,34550,True
2026-07-26 23:11:16,33780,Luck,Potemkin,PO,31120,True
2026-07-26 23:09:21,33850,Luck,Potemkin,PO,31020,False
2026-07-26 23:05:39,33940,Ser,Testament,TE,33510,False
2026-07-26 23:04:53,34010,Ser,Testament,TE,33420,False
2026-07-26 23:00:29,34055,Tie,Nagoriyuki,NA,39375,False
2026-07-26 22:58:41,34100,Tie,Nagoriyuki,NA,39285,False
2026-07-26 22:56:11,33985,Tie,Nagoriyuki,NA,39355,True
2026-07-26 22:52:54,34075,Tznak,Dizzy,DI,34715,False
2026-07-26 22:51:08,33985,Tznak,Dizzy,DI,34785,True
2026-07-26 22:48:52,34055,Tznak,Dizzy,DI,34695,False
2026-07-26 22:45:14,34115,Espy,Elphelt,EL,40740,False
2026-07-26 22:43:06,34175,Espy,Elphelt,EL,40630,False
2026-07-26 22:40:24,34265,Luck,Ramlethal,RA,32680,False
2026-07-26 22:38:33,34355,Luck,Ramlethal,RA,32565,False
2026-07-26 22:36:21,34425,NimaLith,Potemkin,PO,34820,False
2026-07-26 22:33:06,34315,Tie,Slayer,SL,33295,True
2026-07-26 22:31:26,34225,Tie,Slayer,SL,33365,True
2026-07-26 22:29:27,34315,Tie,Slayer,SL,33250,False
2026-07-26 22:26:55,34390,Beyond,Robo-Ky,RK,38305,False
2026-07-26 22:25:36,34465,Beyond,Robo-Ky,RK,38195,False
2026-07-26 22:22:34,34355,iceFOX,Robo-Ky,RK,32935,True
2026-07-26 22:19:57,34395,glava,Potemkin,PO,44560,False
2026-07-26 22:16:51,34285,Slingin' sludge,Faust,FA,33905,True
2026-07-26 22:15:09,34175,Slingin' sludge,Faust,FA,33995,True
2026-07-26 22:13:14,34245,Slingin' sludge,Faust,FA,33905,False
2026-07-26 15:17:13,34130,MappaHunchMarkus,Slayer,SL,36125,True
2026-07-26 15:16:04,34195,MappaHunchMarkus,Slayer,SL,36035,False
2026-07-26 15:13:49,34095,MappaHunchMarkus,Slayer,SL,36105,True
2026-07-26 15:10:02,34165,KIRA!,Giovanna,GI,33705,False
2026-07-26 15:07:27,34255,KIRA!,Giovanna,GI,33595,False
2026-07-26 15:04:49,34135,AbdoDoo,Lucy,LU,40750,True
2026-07-26 15:02:07,34015,AbdoDoo,Lucy,LU,40820,True
2026-07-26 14:57:27,33925,KIRA!,Giovanna,GI,33490,True
2026-07-26 14:54:46,33835,KIRA!,Giovanna,GI,33560,True
2026-07-26 14:52:02,33925,KIRA!,Giovanna,GI,33450,False
2026-07-26 14:49:44,33995,tsun,Giovanna,GI,33535,False
2026-07-26 14:47:35,34085,tsun,Giovanna,GI,33425,False
2026-07-26 14:44:58,33995,Jonigilon,Baiken,BA,32995,True
2026-07-26 14:39:30,33885,Niemi,Axl,AX,31240,True
2026-07-26 14:33:41,33940,Umi,Nagoriyuki,NA,37150,False
2026-07-26 14:30:44,33995,Umi,Nagoriyuki,NA,37060,False
2026-07-26 14:27:12,33885,Tznak,Dizzy,DI,32535,True
2026-07-26 14:25:25,33795,Tznak,Dizzy,DI,32600,True
2026-07-26 14:21:55,33885,Rockeeb,Sol,SO,33895,False
2026-07-26 14:20:09,33795,Rockeeb,Sol,SO,33965,True
2026-07-26 14:17:25,33885,Rockeeb,Sol,SO,33855,False
2026-07-26 14:15:00,33955,Tznak,Dizzy,DI,32565,False
2026-07-26 14:12:57,34025,Tznak,Dizzy,DI,32470,False
2026-07-26 14:10:44,33935,Tznak,Dizzy,DI,32535,True
2026-07-26 14:07:08,34005,Dr. Pepper,Potemkin,PO,30885,False
2026-07-26 14:05:08,34095,Dr. Pepper,Potemkin,PO,30760,False
2026-07-26 14:02:27,33985,Komi,Sol,SO,33680,True
2026-07-26 14:00:48,33875,Komi,Sol,SO,33770,True
2026-07-26 13:59:06,33965,Komi,Sol,SO,33660,False
2026-07-26 13:56:28,34050,SeeD,Asuka,AS,35845,False
2026-07-26 13:54:42,34135,SeeD,Asuka,AS,35735,False
2026-07-26 13:53:05,34040,SeeD,Asuka,AS,35805,True
2026-07-26 13:48:06,33930,sleeper agent,Bedman?,BE,34135,True
2026-07-26 13:45:38,34000,rimmeri,Leo,LE,33400,False
2026-07-26 13:43:34,34070,rimmeri,Leo,LE,33310,False
2026-07-25 17:37:44,34140,Distant Utopia,Slayer,SL,32790,True
2026-07-25 17:36:22,34050,Distant Utopia,Slayer,SL,32855,True
2026-07-25 17:29:49,33940,MetalGuzno,Bedman?,BE,33180,True
2026-07-25 17:27:46,34030,MetalGuzno,Bedman?,BE,33070,False
2026-07-25 17:25:59,33920,MetalGuzno,Bedman?,BE,33160,True
2026-07-25 17:21:50,33990,LaCreatura,Johnny,JN,33990,False
2026-07-25 17:19:03,34060,LaCreatura,Johnny,JN,33900,False
2026-07-25 17:15:39,34150,GoldenCeCe,Bedman?,BE,33005,False
2026-07-25 17:13:50,34240,GoldenCeCe,Bedman?,BE,32890,False
2026-07-25 17:12:09,34150,GoldenCeCe,Bedman?,BE,32955,True
2026-07-25 17:08:46,34240,el condor pasa,Elphelt,EL,33300,False
2026-07-25 17:06:23,34130,el condor pasa,Elphelt,EL,33390,True
2026-07-25 17:04:58,34220,el condor pasa,Elphelt,EL,33280,False
2026-07-25 17:02:00,34290,LaCreatura,Johnny,JN,33770,False
2026-07-25 16:59:38,34360,LaCreatura,Johnny,JN,33680,False
2026-07-25 16:56:39,34270,LaCreatura,Johnny,JN,33750,True
2026-07-25 16:51:57,34335,acuL,Ky,KY,36070,False
2026-07-25 16:48:14,34245,GPDP,Unika,UN,34825,True
2026-07-25 16:45:49,34155,GPDP,Unika,UN,34895,True
2026-07-25 16:42:25,34245,LaCreatura,Johnny,JN,33330,False
2026-07-25 16:40:25,34335,LaCreatura,Johnny,JN,33215,False
2026-07-25 16:38:20,34245,LaCreatura,Johnny,JN,33285,True
2026-07-25 16:35:55,34155,JeeJo,Ky,KY,24765,True
2026-07-25 16:30:21,34045,GoldenCeCe,Bedman?,BE,32725,True
2026-07-25 16:28:23,34135,GoldenCeCe,Bedman?,BE,32610,False
2026-07-25 16:26:42,34045,GoldenCeCe,Bedman?,BE,32675,True
2026-07-25 16:22:30,33935,LaCreatura,Johnny,JN,33335,True
2026-07-25 16:19:52,33820,snake_kyrut,Leo,LE,39300,True
2026-07-25 16:17:14,33865,snake_kyrut,Leo,LE,39210,False
2026-07-25 16:14:35,33730,snake_kyrut,Leo,LE,39300,True
2026-07-25 16:11:33,33795,Ramsay,Dizzy,DI,35135,False
2026-07-25 16:08:59,33860,Ramsay,Dizzy,DI,35045,False
2026-07-25 16:06:26,33745,Ramsay,Dizzy,DI,35135,True
2026-07-25 16:03:57,33780,Jack's #1 Dandy,Robo-Ky,RK,41435,False
2026-07-25 16:01:22,33835,Jack's #1 Dandy,Robo-Ky,RK,41325,False
2026-07-25 04:22:58,33725,Rankz,Nagoriyuki,NA,32195,True
2026-07-25 04:21:10,33635,Rankz,Nagoriyuki,NA,32260,True
2026-07-25 04:19:02,33705,Rankz,Nagoriyuki,NA,32165,False
2026-07-25 04:13:12,33615,HHLHH,Asuka,AS,32480,True
2026-07-25 04:00:25,33705,Verdict,Johnny,JN,30200,False
2026-07-25 03:58:48,33795,Verdict,Johnny,JN,30075,False
2026-07-25 03:56:34,33705,Verdict,Johnny,JN,30130,True
2026-07-25 03:51:39,33785,Magíc122,Giovanna,GI,35975,False
2026-07-25 03:50:16,33845,Magíc122,Giovanna,GI,35885,False
2026-07-25 03:47:46,33725,Magíc122,Giovanna,GI,35975,True
2026-07-25 03:43:32,33795,Ryouken,Bridget,BI,33905,False
2026-07-25 03:41:02,33885,Ryouken,Bridget,BI,33795,False
2026-07-25 03:37:44,33775,Verdict,Johnny,JN,30005,True
2026-07-25 03:36:17,33685,Verdict,Johnny,JN,30060,True
2026-07-25 03:32:25,33775,yoiguess?,Sol,SO,33975,False
2026-07-25 03:30:46,33665,yoiguess?,Sol,SO,34065,True
2026-07-25 03:28:45,33755,yoiguess?,Sol,SO,33955,False
2026-07-25 03:25:35,33795,oufan,Jam,JA,44650,False
2026-07-25 03:23:45,33835,oufan,Jam,JA,44540,False
2026-07-25 03:20:57,33925,yoiguess?,Sol,SO,33720,False
2026-07-25 03:19:18,33995,yoiguess?,Sol,SO,33630,False
2026-07-25 03:16:13,33885,yoiguess?,Sol,SO,33720,True
2026-07-25 03:12:34,33775,VexStar,Happy Chaos,HA,25060,True
2026-07-25 03:10:42,33665,VexStar,Happy Chaos,HA,25110,True
2026-07-25 03:07:09,33705,bushsnifferpuppy,Baiken,BA,40185,False
2026-07-25 03:02:39,33615,Skeith,Jam,JA,29135,True
2026-07-25 03:00:23,33525,Skeith,Jam,JA,29185,True
2026-07-25 02:54:38,33585,bushsnifferpuppy,Baiken,BA,40225,False
2026-07-25 02:52:27,33445,bushsnifferpuppy,Baiken,BA,40315,True
2026-07-25 02:50:04,33485,bushsnifferpuppy,Baiken,BA,40225,False
2026-07-25 02:46:31,33555,Pez,Ky,KY,33400,False
2026-07-25 02:44:01,33625,Pez,Ky,KY,33310,False
2026-07-25 02:37:49,33665,GraveReaper,Robo-Ky,RK,44615,False
2026-07-25 02:36:05,33705,GraveReaper,Robo-Ky,RK,44505,False
2026-07-25 02:33:00,33775,Pez,Ky,KY,33300,False
2026-07-25 02:30:21,33845,Pez,Ky,KY,33210,False
2026-07-25 02:26:10,33755,Pez,Ky,KY,33280,True
2026-07-25 02:23:09,33645,Pez,Ky,KY,33370,True
2026-07-25 02:19:37,33735,Pez,Ky,KY,33260,False
2026-07-25 02:17:22,33805,Pez,Ky,KY,33170,False
2026-07-25 02:14:23,33695,Pez,Ky,KY,33260,True
2026-07-25 02:10:34,33785,Pez,Ky,KY,33150,False
2026-07-25 02:08:45,33675,Pez,Ky,KY,33240,True
2026-07-25 02:06:42,33765,Pez,Ky,KY,33130,False
2026-07-25 02:01:21,33625,GraveReaper,Robo-Ky,RK,44785,True
2026-07-24 03:55:29,33475,Arazuki,Nagoriyuki,NA,41525,True
2026-07-24 03:53:35,33345,Arazuki,Nagoriyuki,NA,41595,True
2026-07-24 03:49:37,33215,Arazuki,Nagoriyuki,NA,41665,True
2026-07-24 03:47:22,33065,Arazuki,Nagoriyuki,NA,41755,True
2026-07-24 03:46:01,33115,Arazuki,Nagoriyuki,NA,41645,False
2026-07-24 03:41:21,33165,Arazuki,Nagoriyuki,NA,41535,False
2026-07-24 03:39:57,33195,Arazuki,Nagoriyuki,NA,41445,False
2026-07-24 03:36:32,33105,ttv/4lder_,Jack-O',JC,32850,True
2026-07-24 03:31:11,33195,ttv/4lder_,Jack-O',JC,32740,False
2026-07-24 03:29:33,33285,ttv/4lder_,Jack-O',JC,32630,False
2026-07-24 03:26:06,33170,Bakatelas,Dizzy,DI,34530,True
2026-07-24 03:24:40,33055,Bakatelas,Dizzy,DI,34620,True
2026-07-24 03:22:48,33140,Bakatelas,Dizzy,DI,34510,False
2026-07-24 03:19:46,33230,Kukusya,Robo-Ky,RK,33285,False
2026-07-24 03:18:18,33320,Kukusya,Robo-Ky,RK,33175,False
2026-07-24 03:15:30,33385,Bakatelas,Dizzy,DI,34420,False
2026-07-24 03:13:45,33475,Bakatelas,Dizzy,DI,34310,False
2026-07-24 03:10:23,33545,Verdict,Johnny,JN,28745,False
2026-07-24 03:07:47,33615,Verdict,Johnny,JN,28635,False
2026-07-24 03:03:00,33670,Arazuki,Nagoriyuki,NA,40945,False
2026-07-24 03:01:33,33725,Arazuki,Nagoriyuki,NA,40745,False
2026-07-24 02:56:42,33795,Scorpio King,Johnny,JN,25020,False
2026-07-24 02:52:21,33885,Bakatelas,Dizzy,DI,34070,False
2026-07-24 02:51:01,33955,Bakatelas,Dizzy,DI,33980,False
2026-07-24 02:48:08,33865,Bakatelas,Dizzy,DI,34050,True
2026-07-24 02:42:15,33665,cuelda,Sol,SO,21760,True
2026-07-24 02:42:05,33775,cuelda,Sol,SO,21720,True
2026-07-24 02:39:05,33550,Camur,Slayer,SL,39385,True
2026-07-24 02:36:51,33430,Camur,Slayer,SL,39455,True
2026-07-24 02:34:30,33475,Camur,Slayer,SL,39365,False
2026-07-24 02:30:39,33565,C.Puffs,Johnny,JN,32185,False
2026-07-24 02:28:58,33655,C.Puffs,Johnny,JN,32070,False
2026-07-24 02:26:17,33745,Bakatelas,Dizzy,DI,33930,False
2026-07-24 02:24:08,33815,Bakatelas,Dizzy,DI,33840,False
2026-07-24 02:20:06,33725,Bakatelas,Dizzy,DI,33910,True
2026-07-24 02:17:46,33615,Bakatelas,Dizzy,DI,34000,True
2026-07-24 02:14:52,33680,Camur,Slayer,SL,38835,False
2026-07-24 02:13:05,33750,Camur,Slayer,SL,38725,False
2026-07-20 04:36:55,33660,szczuczyn,Ky,KY,24740,True
2026-07-20 04:34:01,33570,szczuczyn,Ky,KY,24770,True
2026-07-20 04:30:11,33460,Rien,Happy Chaos,HA,31225,True
2026-07-20 04:28:31,33370,Rien,Happy Chaos,HA,31285,True
2026-07-20 04:23:26,33260,szczuczyn,Ky,KY,24620,True
2026-07-20 04:21:27,33170,szczuczyn,Ky,KY,24650,True
2026-07-20 04:17:07,33080,Paranoya,Chipp,CH,32240,True
2026-07-20 04:14:46,32970,Paranoya,Chipp,CH,32330,True
2026-07-20 04:11:16,33040,Paranoya,Chipp,CH,32240,False
2026-07-20 04:08:43,32930,Paranoya,Chipp,CH,32330,True
2026-07-20 04:07:04,33000,Paranoya,Chipp,CH,32240,False
2026-07-20 04:00:16,32890,Paranoya,Chipp,CH,32330,True
2026-07-20 03:58:49,32800,Paranoya,Chipp,CH,32400,True
2026-07-20 03:55:14,32670,Morega444,Asuka,AS,36805,True
2026-07-20 03:53:24,32725,Morega444,Asuka,AS,36715,False
2026-07-20 03:50:32,32615,Morega444,Asuka,AS,36785,True
2026-07-20 03:46:08,32685,Kaiman,Leo,LE,28470,False
2026-07-20 03:42:25,32595,Kaiman,Leo,LE,28520,True
2026-07-20 03:39:58,32665,Kaiman,Leo,LE,28320,False
2026-07-20 03:35:33,32730,WooperWednesday,Asuka,AS,34535,False
2026-07-20 03:32:39,32795,WooperWednesday,Asuka,AS,34445,False
2026-07-20 03:27:55,32860,WooperWednesday,Asuka,AS,34355,False
2026-07-20 03:24:36,32945,WooperWednesday,Asuka,AS,34245,False
2026-07-20 03:23:07,32830,WooperWednesday,Asuka,AS,34335,True
2026-07-20 03:20:54,32740,Kaiman,Leo,LE,27930,True
2026-07-20 03:18:03,32630,Kaiman,Leo,LE,28000,True
2026-07-20 03:14:07,32540,Kettle Goblin,A.B.A.,AB,30820,True
2026-07-20 03:11:18,32360,Kettle Goblin,A.B.A.,AB,30885,True
2026-07-20 03:06:55,32450,Kettle Goblin,A.B.A.,AB,30770,False
2026-07-20 03:05:00,32520,Kettle Goblin,A.B.A.,AB,30675,False
2026-07-16 01:18:26,32340,ChoclateStarfısh,Chipp,CH,30115,True
2026-07-16 01:15:49,32230,ChoclateStarfısh,Chipp,CH,30195,True
2026-07-16 01:12:38,32120,KunKan,Anji,AN,24910,True
2026-07-16 01:10:38,32010,KunKan,Anji,AN,24965,True
2026-07-16 01:07:25,31920,URSA M★JOR,Ky,KY,28670,True
2026-07-16 01:04:36,31830,URSA M★JOR,Ky,KY,28725,True
2026-07-16 01:00:47,31720,URSA M★JOR,Ky,KY,28805,True
2026-07-16 00:58:15,31790,YóYo,Sin,SI,29430,False
2026-07-16 00:55:57,31860,YóYo,Sin,SI,29330,False
2026-07-16 00:52:55,31925,TerryLovesYogurt,Leo,LE,33890,False
2026-07-16 00:50:19,31805,TerryLovesYogurt,Leo,LE,33980,True
2026-07-16 00:48:44,31890,TerryLovesYogurt,Leo,LE,33870,False
2026-07-16 00:45:43,31800,URSA M★JOR,Ky,KY,28695,True
2026-07-16 00:42:39,31710,URSA M★JOR,Ky,KY,28755,True
2026-07-16 00:38:28,31780,Trunks,Axl,AX,0,False
2026-07-16 00:36:14,31870,Trunks,Axl,AX,0,False
2026-07-16 00:34:09,31760,Trunks,Axl,AX,0,True
2026-07-16 00:31:21,31785,watersomemelons,Axl,AX,40920,False
2026-07-16 00:28:49,31835,watersomemelons,Axl,AX,40810,False
2026-07-16 00:25:15,31725,DaGentleman,Giovanna,GI,27340,True
2026-07-16 00:23:38,31615,DaGentleman,Giovanna,GI,27410,True
2026-07-15 21:14:28,31685,Vulki,Robo-Ky,RK,28775,False
2026-07-15 21:12:09,31775,Vulki,Robo-Ky,RK,28650,False
2026-07-15 00:59:13,31655,NimaLith,Potemkin,PO,34185,True
2026-07-15 00:57:24,31535,NimaLith,Potemkin,PO,34275,True
2026-07-15 00:54:12,31445,Ikea Barber,Jam,JA,28730,True
2026-07-15 00:52:12,31335,Ikea Barber,Jam,JA,28810,True
2026-07-15 00:48:28,31375,ShivfromDeadlock,Sin,SI,0,False
2026-07-15 00:46:40,31415,ShivfromDeadlock,Sin,SI,0,False
2026-07-15 00:43:47,31305,Blizzace,Sin,SI,26760,True
2026-07-15 00:41:49,31215,Blizzace,Sin,SI,26810,True
2026-07-15 00:37:06,31305,Everyday'sMonday,Robo-Ky,RK,31160,False
2026-07-15 00:35:06,31215,Everyday'sMonday,Robo-Ky,RK,31230,True
2026-07-15 00:32:45,31305,Everyday'sMonday,Robo-Ky,RK,31120,False
2026-07-15 00:29:54,31215,Kaiman,Leo,LE,28995,True
2026-07-15 00:26:57,31105,Kaiman,Leo,LE,29075,True
2026-07-13 01:35:30,30995,SalimPS,Chipp,CH,30335,True
2026-07-13 01:33:39,30885,SalimPS,Chipp,CH,30425,True
2026-07-13 01:29:09,30945,Simke,Axl,AX,37135,False
2026-07-13 01:26:07,30985,Simke,Axl,AX,37045,False
2026-07-13 01:22:25,30895,Leaf,Dizzy,DI,28135,True
2026-07-13 01:19:34,30805,Leaf,Dizzy,DI,28195,True
2026-07-12 16:16:41,30695,Totte,Testament,TE,30070,True
2026-07-12 16:14:59,30585,Totte,Testament,TE,30160,True
2026-07-12 16:12:31,30490,Danizent,Lucy,LU,32110,True
2026-07-12 16:10:05,30395,Danizent,Lucy,LU,32180,True
2026-07-12 16:06:56,30460,Queen's Guard,Dizzy,DI,32250,False
2026-07-12 16:04:00,30545,Queen's Guard,Dizzy,DI,32140,False
2026-07-12 16:01:26,30615,Exlow,Chipp,CH,30975,False
2026-07-12 15:58:19,30705,Exlow,Chipp,CH,30865,False
2026-07-12 15:54:58,30610,Mirelle,Robo-Ky,RK,32320,True
2026-07-12 15:52:25,30675,Mirelle,Robo-Ky,RK,32230,False
2026-07-12 15:49:26,30765,Jakala,Jam,JA,0,False
2026-07-12 15:47:55,30835,Jakala,Jam,JA,0,False
2026-07-12 15:44:37,30745,Jakala,Jam,JA,0,True
2026-07-12 15:41:25,30655,Sora,A.B.A.,AB,27705,True
2026-07-12 15:39:03,30545,Sora,A.B.A.,AB,27785,True
2026-07-12 15:36:39,30610,Queen's Guard,Dizzy,DI,31740,False
2026-07-12 15:32:56,30495,Shibratus?,Lucy,LU,32060,True
2026-07-12 15:31:26,30400,Shibratus?,Lucy,LU,32130,True
2026-07-12 15:28:56,30485,Shibratus?,Lucy,LU,32020,False
2026-07-12 15:26:05,30555,BoringAlda,Unika,UN,29350,False
2026-07-12 15:22:43,30460,Azairas,Leo,LE,31925,True
2026-07-12 15:20:02,30345,Azairas,Leo,LE,32015,True
2026-07-12 15:17:21,30415,Totte,Testament,TE,30075,False
2026-07-12 15:14:38,30505,Totte,Testament,TE,29965,False
2026-07-12 15:12:49,30415,Totte,Testament,TE,30035,True
2026-07-12 15:08:48,30305,Norition,Leo,LE,27395,True
2026-07-12 15:07:14,30215,Norition,Leo,LE,27455,True
2026-07-12 15:03:36,30300,DecafBean,I-No,IN,31440,False
2026-07-12 15:02:14,30390,DecafBean,I-No,IN,31330,False
2026-07-12 04:31:33,30300,Nerio,Unika,UN,29910,True
2026-07-12 04:28:35,30210,Nerio,Unika,UN,29980,True
2026-07-12 04:23:41,30300,Novice coffee~,Ramlethal,RA,26960,False
2026-07-12 04:21:44,30190,Novice coffee~,Ramlethal,RA,27035,True
2026-07-12 04:20:38,30280,Novice coffee~,Ramlethal,RA,26910,False
2026-07-12 04:17:44,30360,Morega444,Asuka,AS,32490,False
2026-07-12 04:14:54,30270,Zerofim,Bridget,BI,28920,True
2026-07-12 04:12:20,30340,Zerofim,Bridget,BI,28825,False
2026-07-12 04:09:56,30250,Zerofim,Bridget,BI,28890,True
2026-07-12 04:04:33,30320,Paranoya,Millia,MI,30500,False
2026-07-12 04:01:21,30210,Zerofim,Bridget,BI,28975,True
2026-07-12 03:59:44,30120,Zerofim,Bridget,BI,29040,True
2026-07-11 03:21:09,29980,ArmchairTitan,Robo-Ky,RK,44035,True
2026-07-11 03:18:02,30000,ArmchairTitan,Robo-Ky,RK,43945,False
2026-07-11 03:13:36,30040,ArmchairTitan,Robo-Ky,RK,43835,False
2026-07-11 03:12:03,30060,ArmchairTitan,Robo-Ky,RK,43745,False
2026-07-11 03:08:10,30125,SHMATKO,Dizzy,DI,31790,False
2026-07-11 03:05:12,30030,SHMATKO,Dizzy,DI,31860,True
2026-07-11 03:02:43,30115,SHMATKO,Dizzy,DI,31750,False
2026-07-11 02:59:54,30185,killVmaim,Johnny,JN,24870,False
2026-07-11 02:56:54,30075,killVmaim,Johnny,JN,24935,True
2026-07-11 02:55:00,30165,killVmaim,Johnny,JN,24800,False
2026-07-11 02:52:01,30200,Oka'my,Chipp,CH,37880,False
2026-07-11 02:49:33,30255,Oka'my,Chipp,CH,37770,False
2026-07-11 02:46:38,30130,Oka'my,Chipp,CH,37840,True
2026-07-11 02:42:20,29985,mindalek,Testament,TE,37035,True
2026-07-11 02:34:35,29875,Skeith,Jam,JA,29165,True
2026-07-11 02:33:11,29765,Skeith,Jam,JA,29255,True
2026-07-11 02:30:46,29835,Skeith,Jam,JA,29165,False
2026-07-11 02:27:32,29725,Tragedien,Nagoriyuki,NA,28365,True
2026-07-11 02:26:03,29635,Tragedien,Nagoriyuki,NA,28430,True
2026-07-11 02:19:31,29545,Zerofim,Bridget,BI,28190,True
2026-07-11 02:16:12,29435,Zerofim,Bridget,BI,28275,True
2026-07-11 02:11:04,29320,Rien,Happy Chaos,HA,31015,True
2026-07-11 02:09:34,29385,Rien,Happy Chaos,HA,30925,False
2026-07-11 02:06:27,29270,Rien,Happy Chaos,HA,31015,True
2026-07-11 02:03:48,29175,Jon,Robo-Ky,RK,30250,True
2026-07-11 02:01:27,29080,Jon,Robo-Ky,RK,30320,True
2026-07-11 01:58:07,28990,No Dayz Off,Chipp,CH,29005,True
2026-07-11 01:55:30,28880,No Dayz Off,Chipp,CH,29095,True
2026-07-11 01:51:53,28945,Rien,Happy Chaos,HA,30725,False
2026-07-11 01:49:25,29030,Rien,Happy Chaos,HA,30615,False
2026-07-11 01:47:01,28940,No Dayz Off,Chipp,CH,29165,True
2026-07-11 01:44:43,29010,No Dayz Off,Chipp,CH,29075,False
2026-07-11 01:41:43,28900,No Dayz Off,Chipp,CH,29165,True
2026-07-11 01:36:19,28790,No Dayz Off,Ky,KY,24995,True
2026-07-11 01:33:06,28855,Rien,Happy Chaos,HA,30125,False
2026-07-11 01:30:44,28740,Rien,Happy Chaos,HA,30215,True
2026-07-11 01:29:23,28825,Rien,Happy Chaos,HA,30105,False
2026-07-11 01:26:42,28735,Sebbus,Jam,JA,23810,True
2026-07-11 01:23:43,28625,Sebbus,Jam,JA,23880,True
2026-07-10 22:21:06,28515,Ikea Barber,Jam,JA,28235,True
2026-07-10 22:19:05,28315,Ikea Barber,Jam,JA,28325,True
2026-07-10 22:15:47,28225,Thanks Smile,Sol,SO,21240,True
2026-07-10 22:13:05,28115,Thanks Smile,Sol,SO,21300,True
2026-07-10 22:10:16,28025,Joj Valjeaj,Potemkin,PO,27460,True
2026-07-10 22:07:55,28095,Joj Valjeaj,Potemkin,PO,27370,False
2026-07-10 22:04:41,28005,Joj Valjeaj,Potemkin,PO,27440,True
2026-07-10 22:00:55,28075,Dr. Publix,Johnny,JN,25925,False
2026-07-10 21:58:16,28165,Dr. Publix,Johnny,JN,25805,False
2026-07-10 21:55:39,28235,Kazzy,Potemkin,PO,27150,False
2026-07-10 21:53:10,28325,Kazzy,Potemkin,PO,27035,False
2026-07-10 21:51:16,28215,Kazzy,Potemkin,PO,27120,True
2026-07-10 21:48:54,28285,Queen's Guard,Dizzy,DI,28290,False
2026-07-10 21:46:03,28195,Queen's Guard,Dizzy,DI,28360,True
2026-07-10 21:43:28,28265,Queen's Guard,Dizzy,DI,28270,False
2026-07-10 21:40:07,28175,Rauhnos,Ky,KY,28110,True
2026-07-10 21:37:43,28265,Rauhnos,Ky,KY,28000,False
2026-07-10 21:35:42,28155,Rauhnos,Ky,KY,28090,True
2026-07-10 21:32:37,28045,Kazzy,Potemkin,PO,27100,True
2026-07-10 21:27:53,27935,audiorep,Ky,KY,24510,True
2026-07-10 21:26:00,27825,audiorep,Ky,KY,24585,True
2026-07-10 21:23:13,27715,42ndPotato,Robo-Ky,RK,20675,True
2026-07-10 21:21:21,27625,42ndPotato,Robo-Ky,RK,20715,True
2026-07-10 21:18:10,27715,42ndPotato,Robo-Ky,RK,20570,False
2026-07-10 21:13:23,27625,!!Buff Asuka!!,Millia,MI,27365,True
2026-07-10 21:10:19,27515,audiorep,Ky,KY,24390,True
2026-07-10 21:08:09,27405,audiorep,Ky,KY,24470,True
2026-07-10 04:35:21,27295,lonki,Axl,AX,20705,True
2026-07-10 04:34:03,27185,lonki,Axl,AX,20765,True
2026-07-10 04:31:00,27075,Confile,Millia,MI,22950,True
2026-07-10 04:27:46,27145,Confile,Millia,MI,22840,False
2026-07-10 04:25:36,27035,Confile,Millia,MI,22910,True
2026-07-10 04:23:45,27125,Confile,Millia,MI,22780,False
2026-07-10 04:19:28,27035,Sta!N,Robo-Ky,RK,0,True
2026-07-10 04:16:39,26925,Sta!N,Robo-Ky,RK,0,True
2026-07-10 04:13:56,26815,No Dayz Off,Ky,KY,25080,True
2026-07-10 04:12:06,26905,No Dayz Off,Ky,KY,24965,False
2026-07-10 04:10:43,26815,No Dayz Off,Ky,KY,25030,True
2026-07-10 04:07:04,26725,Kyfeon,Ky,KY,26315,True
2026-07-10 04:04:41,26615,Kyfeon,Ky,KY,26405,True
2026-07-10 04:02:35,26685,Kyfeon,Ky,KY,26315,False
2026-07-10 03:58:59,26775,No Dayz Off,Ky,KY,24915,False
2026-07-10 03:56:56,26845,No Dayz Off,Ky,KY,24815,False
2026-07-09 23:35:37,26935,Kira02,Ramlethal,RA,22225,False
2026-07-09 23:34:05,27005,Kira02,Ramlethal,RA,22115,False
2026-07-09 23:31:02,27095,Squealing Piglet,Lucy,LU,25310,False
2026-07-09 23:28:57,27165,Squealing Piglet,Lucy,LU,25215,False
2026-07-09 23:24:05,27055,Zenovas,Venom,VE,20495,True
2026-07-09 23:21:55,26965,Zenovas,Venom,VE,20535,True
2026-07-09 23:18:49,26875,VioletEvergarden,I-No,IN,27330,True
2026-07-09 23:16:05,26785,VioletEvergarden,I-No,IN,27400,True
2026-07-09 23:12:00,26875,VioletEvergarden,I-No,IN,27290,False
2026-07-09 23:10:34,26965,VioletEvergarden,I-No,IN,27180,False
2026-07-09 23:09:03,26855,VioletEvergarden,I-No,IN,27270,True
2026-07-09 23:04:56,26945,GuiltyGreg25,Jam,JA,26675,False
2026-07-09 23:02:34,27035,PomegranateMimic,Potemkin,PO,24271,False
2026-07-09 23:01:16,26925,PomegranateMimic,Potemkin,PO,24351,True
2026-07-09 22:59:45,26995,PomegranateMimic,Potemkin,PO,24251,False
2026-07-09 22:51:50,26885,Ohoshka,Ky,KY,26585,True
2026-07-09 22:50:01,26775,Ohoshka,Ky,KY,26675,True
2026-07-09 22:48:19,26845,Ohoshka,Ky,KY,26585,False
2026-07-09 22:45:08,26735,Aranel,Unika,UN,24905,True
2026-07-09 22:43:39,26645,Aranel,Unika,UN,24970,True
2026-07-09 22:40:21,26555,s.s.p.,Leo,LE,25390,True
2026-07-09 22:38:13,26445,s.s.p.,Leo,LE,25480,True
2026-07-09 22:36:30,26515,s.s.p.,Leo,LE,25385,False
2026-07-09 22:33:27,26595,kaptain Arsch,Faust,FA,28820,False
2026-07-09 22:31:37,26655,kaptain Arsch,Faust,FA,28730,False
2026-07-09 22:28:25,26545,Ala23,Nagoriyuki,NA,0,True
2026-07-09 22:26:55,26435,Ala23,Nagoriyuki,NA,0,True
2026-07-09 22:24:34,26505,Sureyoucan,Baiken,BA,25800,False
2026-07-09 22:21:50,26415,Sureyoucan,Baiken,BA,25870,True
2026-07-09 22:18:51,26485,Sureyoucan,Baiken,BA,25780,False
2026-07-09 18:10:31,26375,#lol,Sol,SO,27215,True
2026-07-09 18:05:34,26285,FFolg,Baiken,BA,25040,True
2026-07-09 18:02:33,26175,FFolg,Baiken,BA,25125,True
2026-07-09 17:59:22,26245,TheTomas,Millia,MI,24815,False
2026-07-09 17:55:32,26135,Flandre Scarlet,Robo-Ky,RK,0,True
2026-07-09 17:52:09,26205,MrMatterzz,Jam,JA,24370,False
2026-07-09 17:47:54,26085,Maddoc,Anji,AN,28370,True
2026-07-09 17:44:37,26150,bijan,I-No,IN,27425,False
2026-07-09 17:41:39,26235,bijan,I-No,IN,27315,False
2026-07-09 17:39:50,26140,bijan,I-No,IN,27385,True
2026-07-09 17:35:13,26050,FFolg,Baiken,BA,25195,True
2026-07-09 17:32:11,26120,FFolg,Baiken,BA,25100,False
2026-07-09 17:29:34,26030,FFolg,Baiken,BA,25170,True
2026-07-09 17:25:51,25930,Cruzcampo,Elphelt,EL,28285,True
2026-07-09 17:24:04,25810,Cruzcampo,Elphelt,EL,28375,True
2026-07-09 17:22:40,25890,Cruzcampo,Elphelt,EL,28265,False
2026-07-09 17:19:59,25790,Mikulex,Baiken,BA,28270,True
2026-07-09 17:17:34,25670,Mikulex,Baiken,BA,28360,True
2026-07-08 15:27:09,25570,pipebomb,Robo-Ky,RK,27625,True
2026-07-08 15:24:42,25450,pipebomb,Robo-Ky,RK,27715,True
2026-07-08 15:20:34,25335,Zombie,Bridget,BI,26800,True
2026-07-08 15:19:13,25240,Zombie,Bridget,BI,26870,True
2026-07-08 15:17:01,25325,Zombie,Bridget,BI,26760,False
2026-07-08 15:14:16,25230,muru (мypy),Elphelt,EL,26440,True
2026-07-08 15:11:45,25115,muru (мypy),Elphelt,EL,26530,True
2026-07-08 15:09:57,25180,muru (мypy),Elphelt,EL,26440,False
2026-07-08 15:07:15,25070,Gasmask,Robo-Ky,RK,25290,True
2026-07-08 15:05:27,24960,Gasmask,Robo-Ky,RK,25380,True
2026-07-08 03:22:51,24850,Trash,Johnny,JN,18860,True
2026-07-08 03:21:33,24920,Trash,Johnny,JN,18740,False
2026-07-08 03:19:10,24810,Trash,Johnny,JN,18800,True
2026-07-08 03:15:59,24860,LCG|monnter,Robo-Ky,RK,33580,False
2026-07-08 03:13:45,24890,LCG|monnter,Robo-Ky,RK,33490,False
2026-07-08 03:05:47,24790,DemonSpud,Robo-Ky,RK,26805,True
2026-07-08 03:02:45,24700,killVmaim,Johnny,JN,24525,True
2026-07-08 03:00:08,24770,killVmaim,Johnny,JN,24435,False
2026-07-08 02:57:50,24680,killVmaim,Johnny,JN,24505,True
2026-07-08 02:54:04,24735,Horikawa,Jack-O',JC,31945,False
2026-07-08 02:51:37,24615,DemonSpud,Robo-Ky,RK,26715,True
2026-07-08 02:49:44,24495,DemonSpud,Robo-Ky,RK,26805,True
2026-07-08 02:47:53,24575,DemonSpud,Robo-Ky,RK,26695,False
2026-07-08 02:45:23,24395,Starina,Lucy,LU,22510,True
2026-07-08 02:43:03,24305,Starina,Lucy,LU,22575,True
2026-07-08 02:39:43,24190,Ren,Jam,JA,26090,True
2026-07-08 02:37:48,24255,Ren,Jam,JA,26000,False
2026-07-08 02:34:42,24140,Ren,Jam,JA,26090,True
2026-07-08 02:30:53,24050,hahafunnymmorpg,Jam,JA,16915,True
2026-07-08 02:28:20,23960,hahafunnymmorpg,Jam,JA,16950,True
2026-07-08 02:24:34,23850,RamSweatLicker,Baiken,BA,21180,True
2026-07-08 02:21:08,23760,RamSweatLicker,Baiken,BA,21240,True
2026-07-08 02:18:26,23650,RamSweatLicker,Baiken,BA,21320,True
2026-07-08 02:15:00,23540,Drive,Happy Chaos,HA,22955,True
2026-07-08 02:13:40,23430,Drive,Happy Chaos,HA,23045,True
2026-07-08 02:10:37,23305,Scarlett,Jam,JA,26480,True
2026-07-08 02:08:47,23200,Scarlett,Jam,JA,26550,True
2026-07-08 02:04:36,23110,H147U5,Sol,SO,22830,True
2026-07-08 02:02:14,23020,H147U5,Sol,SO,22900,True
2026-07-07 21:12:15,22910,GHOSTY,Elphelt,EL,21350,True
2026-07-07 21:10:30,22800,GHOSTY,Elphelt,EL,21435,True
2026-07-07 21:08:23,22710,KurakeOsoru,Lucy,LU,22800,True
2026-07-07 21:05:57,22620,KurakeOsoru,Lucy,LU,22870,True
2026-07-07 21:02:40,22690,GHOSTY,Elphelt,EL,21120,False
2026-07-07 21:00:34,22760,GHOSTY,Elphelt,EL,21025,False
2026-07-07 20:56:52,22850,Koshara,Testament,TE,21460,False
2026-07-07 20:55:36,22940,Koshara,Testament,TE,21345,False
2026-07-07 20:53:35,22850,EXPUNGED,Ky,KY,20630,True
2026-07-07 20:50:55,22760,EXPUNGED,Ky,KY,20690,True
2026-07-07 20:47:48,22850,No life,Asuka,AS,22920,False
2026-07-07 20:45:37,22940,No life,Asuka,AS,22810,False
2026-07-07 20:44:17,22850,No life,Asuka,AS,22880,True
2026-07-07 20:40:17,22740,mike,Sol,SO,19685,True
2026-07-07 20:38:48,22630,mike,Sol,SO,19765,True
2026-07-07 20:36:13,22720,Gerb,Jack-O',JC,21165,False
2026-07-07 20:34:35,22790,Gerb,Jack-O',JC,21070,False
2026-07-07 20:31:40,22700,Gerb,Jack-O',JC,21135,True
2026-07-07 20:28:40,22770,Physical games,Testament,TE,21045,False
2026-07-07 20:25:28,22660,him,Slayer,SL,22245,True
2026-07-07 20:23:50,22550,him,Slayer,SL,22335,True
2026-07-07 20:21:21,22640,Gerb,Jack-O',JC,21130,False
2026-07-07 20:19:12,22730,Gerb,Jack-O',JC,21015,False
2026-07-07 20:16:58,22620,Gerb,Jack-O',JC,21100,True
2026-07-07 20:11:55,22530,GG Player,Robo-Ky,RK,21710,True
2026-07-07 20:09:27,22420,GG Player,Robo-Ky,RK,21800,True
2026-07-07 20:06:59,22310,Schiru,Nagoriyuki,NA,18325,True
2026-07-07 20:05:31,22220,Schiru,Nagoriyuki,NA,18380,True
2026-07-07 20:03:20,22310,Schiru,Nagoriyuki,NA,18250,False
2026-07-06 23:32:06,22200,Traveler,Jack-O',JC,21685,True
2026-07-06 23:29:19,22110,saucy,Testament,TE,20825,True
2026-07-06 23:26:51,22000,saucy,Testament,TE,20910,True
2026-07-06 23:24:15,21880,Arkhevist,Testament,TE,24775,True
2026-07-06 23:22:04,21960,Arkhevist,Testament,TE,24665,False
2026-07-06 23:20:09,21840,Arkhevist,Testament,TE,24755,True
2026-07-06 23:16:02,21720,Auri,Millia,MI,24285,True
2026-07-06 23:14:25,21600,Auri,Millia,MI,24375,True
2026-07-06 23:12:52,21660,Auri,Millia,MI,24285,False
2026-07-06 23:05:59,21440,KurKKo,Baiken,BA,21120,True
2026-07-06 23:03:49,21330,KurKKo,Baiken,BA,21210,True
2026-07-06 23:00:58,21215,MikeTroller,Robo-Ky,RK,23205,True
2026-07-06 22:59:19,21095,MikeTroller,Robo-Ky,RK,23295,True
2026-07-06 22:55:57,21155,BabyOilStash,Axl,AX,23305,False
2026-07-06 22:53:49,21215,BabyOilStash,Axl,AX,23215,False
2026-07-06 22:50:52,21105,YumiCookie,Venom,VE,20735,True
2026-07-06 22:48:35,20995,YumiCookie,Venom,VE,20825,True
2026-07-06 22:46:06,21085,YumiCookie,Venom,VE,20715,False
2026-07-06 22:43:33,21155,EXPUNGED,Ky,KY,20980,False
2026-07-06 22:40:18,21245,EXPUNGED,Ky,KY,20870,False
2026-07-06 22:35:31,21150,mingo,Baiken,BA,22540,True
2026-07-06 22:32:40,21055,mingo,Baiken,BA,22610,True
2026-07-06 22:29:51,21115,ThirstyGoose,Ky,KY,23350,False
2026-07-06 22:27:02,21195,ThirstyGoose,Ky,KY,23240,False
2026-07-06 22:24:16,21105,RQ if may theme,Johnny,JN,21340,True
2026-07-06 22:21:14,20995,RQ if may theme,Johnny,JN,21430,True
2026-07-06 22:19:03,21085,RQ if may theme,Johnny,JN,21320,False
2026-07-06 22:16:33,20975,JPeso,Baiken,BA,21850,True
2026-07-06 22:14:26,20880,JPeso,Baiken,BA,21920,True
2026-07-06 22:11:25,20935,Simplegzor,Giovanna,GI,24500,False
2026-07-06 22:09:18,20990,Simplegzor,Giovanna,GI,24320,False
2026-07-06 22:06:15,20890,buhyMao,Nagoriyuki,NA,22965,True
2026-07-06 22:04:06,20770,buhyMao,Nagoriyuki,NA,23055,True
2026-07-06 22:01:51,20855,CASEY,Lucy,LU,21910,False
2026-07-06 22:00:01,20945,CASEY,Lucy,LU,21800,False
2026-07-06 21:57:54,20850,CASEY,Lucy,LU,21870,True
2026-07-06 21:54:28,20930,QuinaQuen,Zato-1,ZA,23595,False
2026-07-06 21:52:33,20990,QuinaQuen,Zato-1,ZA,23505,False
2026-07-06 21:50:00,20870,QuinaQuen,Zato-1,ZA,23595,True
2026-07-04 21:39:44,20780,Ross_Asher,Bridget,BI,21060,True
2026-07-04 21:35:33,20835,noow33,Anji,AN,24715,False
2026-07-04 21:31:59,20910,noow33,Anji,AN,24605,False
2026-07-04 21:29:25,20950,DUWANG,Robo-Ky,RK,0,False
2026-07-04 21:26:27,21020,DUWANG,Robo-Ky,RK,0,False
2026-07-04 21:23:16,20895,DUWANG,Robo-Ky,RK,0,True
2026-07-04 21:20:58,20785,Raiden69_,Robo-Ky,RK,0,True
2026-07-04 21:19:24,20675,Raiden69_,Robo-Ky,RK,0,True
2026-07-04 21:17:05,20765,GarDis,Robo-Ky,RK,19220,False
2026-07-04 21:15:26,20855,GarDis,Robo-Ky,RK,19105,False
2026-07-04 21:13:52,20155,GarDis,Robo-Ky,RK,19195,True
2026-07-04 21:10:50,19665,Monty Mole,Potemkin,PO,18190,True
2026-07-04 21:07:51,19250,Maratilius,Ramlethal,RA,20355,True
2026-07-04 21:05:12,18910,Shora ButtBuster,May,MA,0,True
2026-07-04 21:02:43,18600,Shora ButtBuster,May,MA,0,True
2026-07-04 21:00:21,18350,Bubla,Ky,KY,20740,True
2026-07-04 20:57:48,18130,Bubla,Ky,KY,20830,True
2026-07-04 20:54:52,17900,Frank Foobar,Potemkin,PO,16050,True
2026-07-04 20:52:22,17810,Frank Foobar,Potemkin,PO,16115,True
2026-07-04 20:49:34,17720,PastaPaste,Robo-Ky,RK,15860,True
2026-07-04 20:46:59,17810,PastaPaste,Robo-Ky,RK,15740,False
2026-07-04 20:45:18,17400,PastaPaste,Robo-Ky,RK,15825,True
2026-07-04 20:42:46,17025,Poulpos,Millia,MI,20205,True
2026-07-04 20:40:33,16715,Strait Face,Faust,FA,0,True
2026-07-04 20:37:50,16455,Strait Face,Faust,FA,0,True
2026-07-04 20:34:07,16245,WhateverName,Robo-Ky,RK,16495,True
2026-07-04 20:32:51,16105,WhateverName,Robo-Ky,RK,16565,True
2026-07-04 20:29:55,15995,Rosenkreuzia,Ky,KY,16805,True
2026-07-04 20:28:14,15880,Rosenkreuzia,Ky,KY,16895,True
2026-07-04 20:26:31,15970,Rosenkreuzia,Ky,KY,16385,False
2026-07-04 20:23:38,15880,WhateverName,Robo-Ky,RK,16525,True
2026-07-04 20:21:23,15970,WhateverName,Robo-Ky,RK,16415,False
2026-07-04 20:19:37,15880,WhateverName,Robo-Ky,RK,16485,True
2026-07-04 20:15:38,15770,liborisvit,Slayer,SL,0,True
2026-07-04 20:13:38,15840,FraeBae,Baiken,BA,13520,False
2026-07-04 20:10:55,15910,FraeBae,Baiken,BA,13420,False
2026-07-04 20:07:40,16000,Peasant Lord,Venom,VE,16970,False
2026-07-04 20:05:59,15885,Peasant Lord,Venom,VE,17060,True
2026-07-04 20:04:29,15975,Peasant Lord,Venom,VE,16950,False
2026-07-04 20:01:55,16045,oDieD,Robo-Ky,RK,13510,False
2026-07-04 19:57:33,16115,oDieD,Robo-Ky,RK,13410,False
2026-07-04 19:57:25,15975,oDieD,Robo-Ky,RK,13470,True
2026-05-12 07:20:02,15885,THATguy,Zato-1,ZA,13200,True
2026-05-12 07:17:24,15775,THATguy,Zato-1,ZA,0,True
2026-05-12 07:14:54,15845,THATguy,Zato-1,ZA,0,False
2026-05-12 07:08:46,15755, lucky noob ,Nagoriyuki,NA,13540,True
2026-05-12 07:06:53,15665, lucky noob ,Nagoriyuki,NA,13600,True
2026-05-12 07:04:06,15755, lucky noob ,Nagoriyuki,NA,13480,False
2026-05-12 07:01:13,15790,K-NONE,May,MA,23280,False
2026-05-12 06:58:57,15665,K-NONE,May,MA,23350,True
2026-05-12 06:55:50,15700,K-NONE,May,MA,23260,False
2026-05-12 06:51:42,15610,govnoed148,Anji,AN,15390,True
2026-05-12 06:49:10,15700,govnoed148,Anji,AN,15280,False
2026-05-12 06:46:32,15520,govnoed148,Anji,AN,15350,True
2026-05-12 06:42:39,15610,Crayfish,Ky,KY,0,False
2026-05-12 06:40:55,15700,Crayfish,Ky,KY,0,False
2026-05-12 06:38:19,15750,Kayfat,Jam,JA,20105,False
2026-05-12 06:35:37,15530,Kayfat,Jam,JA,20195,True
2026-05-12 06:33:41,15600,Kayfat,Jam,JA,20085,False
2026-05-12 06:31:16,0,CoolerJosh,Venom,VE,21235,False
2026-05-12 06:29:10,0,CoolerJosh,Venom,VE,21125,False
2026-05-12 06:25:09,0,Zebarnumaldax,Baiken,BA,33475,False
2026-05-12 06:22:03,0,MartinUrsuletul,Axl,AX,23035,True
2026-05-12 06:19:26,0,Kayfat,Jam,JA,20155,True
2026-05-12 06:17:03,0,Kayfat,Jam,JA,20245,True
2026-05-12 06:15:11,0,Kayfat,Jam,JA,20155,False
2026-05-12 06:11:32,0,l3l3NA,Baiken,BA,20720,False
2026-05-12 06:08:25,0,l3l3NA,Baiken,BA,20595,False
2026-05-12 06:05:55,0,BolleTito,Faust,FA,22220,True
